Q6102348	吉田泉	民進	現職		東北ブロック 5区	男性	1949-02-26				
Q467453	逢沢一郎	自民	現職	33	岡山県 1区	男性	1954-06-10	ichiroaisawa	https://facebook.com/IchiroAISAWA		
Q11661965	青柳陽一郎	民進	現職		南関東ブロック	男性	1969-08-29				
Q665485	青山周平	自民	現職		東海ブロック	男性	1984-12-05				重複注意
Q11661236	青山周平	自民	現職		東海ブロック	男性	1977-04-28				重複注意
Q11635735	赤枝恒雄	自民	現職		東京ブロック	男性	1944-03-16				
	赤澤亮正	自民	現職	31	鳥取県 2区						
Q6381788	赤羽一嘉	公明	現職	28	兵庫県 2区	男性	1958-01-01	AKBhyogo2ku	https://facebook.com/kazuyoshi.akaba		
	あかま二郎	自民	現職	14	神奈川県 14区						
Q582685	赤松広隆	民進	現職	23	愛知県 5区	男性	1948-05-03				
Q7446761	赤嶺政賢	共産	現職	47	沖縄県 1区	男性	1947-12-18				
Q49996	秋葉賢也	自民	現職	4	宮城県 2区	男性	1962-07-03	akibakenya			
Q7850039	秋元司	自民	現職		東京ブロック	男性	1971-10-23	akimoto_tsukasa	https://facebook.com/tsukasa.akimoto		
Q16263623	秋本真利	自民	現職		東京ブロック	男性	1975-08-10	akimoto_chiba9			
Q1737907	浅尾慶一郎	自民	現職	14	神奈川県 4区	男性	1964-02-11	asao_keiichiro	https://facebook.com/KeiichiroASAO		
Q212400	安住淳	民進	現職	4	宮城県 5区	男性	1962-01-17				
Q132596	麻生太郎	自民	現職	40	福岡県 8区	男性	1940-09-20	asa_namatarou			重複注意
Q17348897	麻生太郎	自民	現職	40	福岡県 8区	男性	1887-09-01				重複注意
Q11637002	足立康史	維新	現職		近畿ブロック	男性	1965-10-14				
Q11597257	穴見陽一	自民	現職		九州ブロック	男性	1969-07-24				
Q132345	安倍晋三	自民	現職	35	山口県 4区	男性	1954-09-21	AbeShinzo	https://facebook.com/abeshinzo		
	あべ俊子	自民	現職		中国ブロック						
Q516232	阿部知子	民進	現職		南関東ブロック	女性	1948-04-24	abe_tomoko			
Q418675	甘利明	自民	現職	14	神奈川県 13区	男性	1949-08-27		https://facebook.com/amariakiragenkikun		
Q1478311	荒井聰	民進	現職	1	北海道ブロック	男性	1946-05-27	satoshisatoshia	https://facebook.com/Satoshi.Arai21		
Q11451405	安藤裕	自民	現職		近畿ブロック	男性	1965-03-28				
	池内さおり	共産	現職		東京ブロック						
Q11552157	池田道孝	自民	現職		中国ブロック	男性	1947-02-09				
Q11551703	池田佳隆	自民	現職		東海ブロック	男性	1966-06-20				
Q11373460	井坂信彦	民進	現職	28	兵庫県 1区	男性	1974-03-27				
Q11378895	伊佐進一	公明	現職	27	大阪府 6区	男性	1974-12-10				
Q1737905	石井啓一	公明	現職		北関東ブロック	男性	1958-03-20				
Q11585840	石川昭政	自民	現職		北関東ブロック	男性	1972-09-18				
Q11585604	石崎徹	自民	現職	15	新潟県 1区	男性	1984-01-25				
Q7677320	石関貴史	民進	現職		北関東ブロック	男性	1972-02-18				
Q7051352	石田祝稔	公明	現職		四国ブロック	男性	1951-09-01				
Q6782738	石田真敏	自民	現職	30	和歌山県 2区	男性	1952-01-01				
Q992930	石原伸晃	自民	現職	13	東京都 8区	男性	1957-04-19				
Q506730	石原宏高	自民	現職	13	東京都 3区	男性	1964-06-19		https://facebook.com/ishihara.hirotaka.18		
Q1335527	石破茂	自民	現職	31	鳥取県 1区	男性	1957-02-04	shigeruishiba	https://facebook.com/ishibashigeru		
Q6391984	泉健太	民進	現職	26	京都府 3区	男性	1974-07-29				
	井出庸生	民進	現職	20	長野県 3区						
Q7497782	伊藤信太郎	自民	現職	4	宮城県 4区	男性	1953-05-06				
Q7674280	伊藤忠彦	自民	現職	23	愛知県 8区	男性	1964-07-11				
Q614476	伊藤達也	自民	現職	13	東京都 22区	男性	1961-07-06				
Q11379447	伊東信久	維新	現職		近畿ブロック	男性	1964-01-04				
Q11379575	伊東良孝	自民	現職	1	北海道 7区	男性	1948-11-24				
Q7973013	伊藤渉	公明	現職		東海ブロック	男性	1969-11-13				
Q1654408	稲田朋美	自民	現職	18	福井県 1区	女性	1959-02-20		https://facebook.com/tomomi.inada.5		
Q11596723	稲津久	公明	現職	1	北海道 10区	男性	1958-02-09				
Q7497583	井上信治	自民	現職	13	東京都 25区	男性	1969-10-07				
	井上貴博	自民	現職	40	福岡県 1区						
Q11373203	井上英孝	維新	現職	27	大阪府 1区	男性	1971-10-25				
Q49936	井上義久	公明	現職		東北ブロック	男性	1947-07-24				
Q11373778	井野俊郎	自民	現職	10	群馬県 2区	男性	1980-01-08				
Q11373633	井林辰憲	自民	現職	22	静岡県 2区	男性	1976-07-18				
Q729599	伊吹文明	自民	現職	26	京都府 1区	男性	1938-01-09				
Q11376723	今井雅人	民進	現職		東海ブロック	男性	1962-02-21	imai_masato			
Q11377132	今枝宗一郎	自民	現職	23	愛知県 14区	男性	1984-02-18				
Q11377294	今津寛	自民	現職	1	北海道ブロック	男性	1946-09-30				
Q6782366	今村雅弘	自民	現職		九州ブロック	男性	1947-01-05				
	岩田和親	自民	現職		九州ブロック						
Q1654639	岩屋毅	自民	現職	44	大分県 3区	男性	1957-08-24	takeshi108	https://facebook.com/iwayajimusho		
Q11359720	上田勇	公明	現職	14	神奈川県 6区	男性	1958-08-05	IsamuUeda	https://facebook.com/isamu.ueda.77		
Q11360103	上西小百合	無所属	現職		近畿ブロック	女性	1983-04-30				
	うえの賢一郎	自民	現職	25	滋賀県 2区						
	浮島智子	公明	現職		近畿ブロック						
	梅村さえこ	共産	現職		北関東ブロック						
Q11558377	浦野靖人	維新	現職		近畿ブロック	男性	1973-04-04				
Q8056255	漆原良夫	公明	現職		北陸信越ブロック	男性	1944-11-18				
	江崎鐵磨	自民	現職	23	愛知県 10区						
Q6389323	江田憲司	民進	現職	14	神奈川県 8区	男性	1956-04-28	edaoffice	https://facebook.com/edakenji		
Q732087	枝野幸男	民進	現職	11	埼玉県 5区	男性	1964-05-31				
Q8050128	江田康幸	公明	現職		九州ブロック	男性	1956-03-19				
Q49999	江渡聡徳	自民	現職	2	青森県 2区	男性	1955-10-12	ETO_Akinori			
Q405527	衛藤征士郎	自民	現職	44	大分県 2区	男性	1941-04-29				
Q7678527	江藤拓	自民	現職	45	宮崎県 2区	男性	1960-07-01				
Q11642258	遠藤敬	維新	現職	27	大阪府 18区	男性	1968-06-06				
Q7827620	遠藤利明	自民	現職	6	山形県 1区	男性	1950-01-01		https://facebook.com/endo.toshiaki0117		
Q11434738	大岡敏孝	自民	現職	25	滋賀県 1区	男性	1972-04-16				
Q20039047	大隈和英	自民	現職		近畿ブロック	男性	1969-08-23				
Q5771003	大串博志	民進	現職		九州ブロック	男性	1965-08-31				
Q11431868	大串正樹	自民	現職	28	兵庫県 6区	男性	1966-01-20				
Q11433281	大口善徳	公明	現職		東海ブロック	男性	1955-09-05				
Q7446737	逢坂誠二	民進	現職	1	北海道 8区	男性	1959-04-24				
Q4817826	大島敦	民進	現職	11	埼玉県 6区	男性	1956-01-01				
Q49998	大島理森	自民	現職	2	青森県 3区	男性	1946-09-06	tadamori_oshima			
Q337406	太田昭宏	公明	現職	13	東京都 12区	男性	1945-10-06	teamohta	https://facebook.com/teamohta		
Q16264722	太田和美	民進	現職		南関東ブロック	男性	1973-01-06				
Q7677366	大塚高司	自民	現職	27	大阪府 8区	男性	1964-09-11				
Q7678536	大塚拓	自民	現職	11	埼玉県 9区	男性	1973-06-14				
Q11438832	大西健介	民進	現職	23	愛知県 13区	男性	1971-04-13				
Q11438916	大西英男	自民	現職	13	東京都 16区	男性	1946-08-28				
Q20039110	大西宏幸	自民	現職		近畿ブロック	男性	1967-07-15				
Q11439619	大野敬太郎	自民	現職	37	香川県 3区	男性	1968-11-01				
Q418119	大畠章宏	民進	現職	8	茨城県 5区	男性	1947-10-05				
Q11435274	大平喜信	共産	現職		中国ブロック	男性	1948-02-04				重複注意
Q30144920	大平喜信	共産	現職		中国ブロック	男性	1978-02-28				重複注意
	大見正	自民	現職		東海ブロック						
Q20039172	岡下昌平	自民	現職		近畿ブロック	男性	1975-03-08				
Q513317	岡田克也	民進	現職	24	三重県 3区	男性	1953-07-14	okada_katsuya	https://facebook.com/katsuyaokada		
Q16264927	岡本三成	公明	現職		北関東ブロック	男性	1965-05-05				
Q6883317	岡本充功	民進	現職		東海ブロック	男性	1971-06-18				
Q6140382	緒方林太郎	民進	現職		九州ブロック	男性	1973-01-08				
Q6314413	小川淳也	民進	現職		四国ブロック	男性	1971-01-01				
Q7497769	奥野信亮	自民	現職	29	奈良県 3区	男性	1944-03-05				
Q11446165	奥野総一郎	民進	現職		南関東ブロック	男性	1964-07-15				
Q11462766	小熊慎司	民進	現職	7	福島県 4区	男性	1968-06-16				
Q11458942	小倉將信	自民	現職	13	東京都 23区	男性	1981-05-30				
Q5637084	小此木八郎	自民	現職	14	神奈川県 3区	男性	1965-06-22		https://facebook.com/hachirouokonogi		
Q8049988	小里泰弘	自民	現職	46	鹿児島県 4区	男性	1958-09-29				
Q459998	小沢一郎	自由	現職	3	岩手県 4区	男性	1942-05-24	ozawa_jimusho			
Q978256	小沢鋭仁	維新	現職		近畿ブロック	男性	1954-05-31	OzawaSakihito			
Q11462993	小田原潔	自民	現職	13	東京都 21区	男性	1964-05-23				
Q18700919	落合貴之	民進	現職		東京ブロック	男性	1979-08-17				
Q7677226	越智隆雄	自民	現職	13	東京都 6区	男性	1964-02-27	ochitakao	https://facebook.com/takao.ochi.9		
	鬼木誠	自民	現職	40	福岡県 2区						
Q49969	小野寺五典	自民	現職	4	宮城県 6区	男性	1960-05-05	itsunori510			
Q455848	小渕優子	自民	現職	10	群馬県 5区	女性	1973-12-11				
Q11465449	尾身朝子	自民	現職		北関東ブロック	女性	1961-04-26				
Q11535033	柿沢未途	無所属	現職	13	東京都 15区	男性	1971-01-21	310kakizawa	https://facebook.com/mito.kakizawa		
Q4701145	笠井亮	共産	現職		東京ブロック	男性	1952-10-15	akibacsi			
Q5770884	梶山弘志	自民	現職	8	茨城県 4区	男性	1955-01-01				
Q11400372	勝沼栄明	自民	現職		東北ブロック	男性	1974-11-26				
Q11400147	勝俣孝明	自民	現職		東海ブロック	男性	1976-04-07				
Q18701018	加藤鮎子	自民	現職	6	山形県 3区	女性	1979-04-19				
Q6378155	加藤勝信	自民	現職	33	岡山県 5区	男性	1955-11-22		https://facebook.com/katsunobu.kato.7		
Q11399158	加藤寛治	自民	現職	42	長崎県 2区	男性	1870-10-26				
Q11654965	門博文	自民	現職		近畿ブロック	男性	1965-08-18				
Q16769971	門山宏哲	自民	現職		南関東ブロック	男性	1964-09-03				
	金子恵美	民進	現職		東北ブロック						
Q382231	金子一義	自民	現職	21	岐阜県 4区	男性	1942-12-20				
Q16770033	金子万寿夫	自民	現職	46	鹿児島県 2区	男性	1947-01-11				
	金子恵美	自民	現職	15	新潟県 4区						
Q8050092	金子恭之	自民	現職	43	熊本県 5区	男性	1961-02-27	nekotanchan			
Q11647681	金田勝年	自民	現職	5	秋田県 2区	男性	1949-10-04		https://facebook.com/kaneda.katsutoshi		
Q276275	上川陽子	自民	現職	22	静岡県 1区	女性	1953-03-01				
Q20039502	神谷昇	自民	現職		近畿ブロック	男性	1949-04-12				
	神山佐市	自民	現職	11	埼玉県 7区						
Q11589542	神山洋介	民進	現職		南関東ブロック	男性	1975-05-24				
Q1133463	亀井静香	無所属	現職	34	広島県 6区	男性	1936-11-01	kamei_shizuka	https://facebook.com/1511505699135823		
Q8056299	亀岡偉民	自民	現職	7	福島県 1区	男性	1955-01-01	kameokayositami	https://facebook.com/yoshitami.kameoka		
Q730991	鴨下一郎	自民	現職	13	東京都 13区	男性	1949-01-16				
Q11553342	河井克行	自民	現職	34	広島県 3区	男性	1963-03-11				
Q1689655	川崎二郎	自民	現職	24	三重県 1区	男性	1947-11-15				
	河野正美	維新	現職		九州ブロック						
Q1131518	川端達夫	民進	現職		近畿ブロック	男性	1945-01-24				
Q382311	河村建夫	自民	現職	35	山口県 3区	男性	1942-11-10	takeokawamura			
Q11619261	菅家一郎	自民	現職		東北ブロック	男性	1955-05-20				
Q11590601	神田憲次	自民	現職		東海ブロック	男性	1963-02-19				
Q47846	菅直人	民進	現職		東京ブロック	男性	1946-10-10	NaotoKan	https://facebook.com/naoto.kan		
Q11518163	木内孝胤	希望	現職		東京ブロック	男性	1966-08-30				
Q11518159	木内均	自民	現職		北陸信越ブロック	男性	1964-08-03				
Q11425985	城内実	自民	現職	22	静岡県 7区	男性	1965-04-19				
Q7827415	黄川田徹	民進	現職	3	岩手県 3区	男性	1953-10-14				
Q11677736	黄川田仁志	自民	現職	11	埼玉県 3区	男性	1970-10-13				
Q6739516	菊田真紀子	民進	現職		北陸信越ブロック	女性	1969-10-24				
Q359480	岸田文雄	自民	現職	34	広島県 1区	男性	1957-07-29		https://facebook.com/fkishida		
Q1995125	岸信夫	自民	現職	35	山口県 2区	男性	1959-04-01	KishiNobuo	https://facebook.com/kishinobuo		
Q11475894	岸本周平	民進	現職	30	和歌山県 1区	男性	1956-07-12				
Q6383814	北神圭朗	民進	現職		近畿ブロック	男性	1967-02-01				
Q6381645	北側一雄	公明	現職	27	大阪府 16区	男性	1953-03-02	kitagawa_kazuo	https://facebook.com/kitagawasakai		
Q265174	北川知克	自民	現職	27	大阪府 12区	男性	1951-11-08				
Q7496361	北村茂男	自民	現職	17	石川県 3区	男性	1945-11-08				
Q7446686	北村誠吾	自民	現職	42	長崎県 4区	男性	1947-01-29				
Q11518048	木下智彦	維新	現職		近畿ブロック	男性	1969-04-30				
Q11518222	木原誠二	自民	現職	13	東京都 20区	男性	1970-01-01				
Q11518220	木原稔	自民	現職	43	熊本県 1区	男性	1969-01-01	kihara_minoru	https://facebook.com/Kihara.Minoru		
Q20039675	木村弥生	自民	現職		北関東ブロック	女性	1965-08-11				
Q7504802	吉良州司	民進	現職	44	大分県 1区	男性	1958-03-16				
Q11479573	工藤彰三	自民	現職	23	愛知県 4区	男性	1964-12-08				
Q11422753	國重徹	公明	現職	27	大阪府 5区	男性	1974-11-23				
Q11568677	熊田裕通	自民	現職	23	愛知県 1区	男性	1964-08-28				
Q11678114	黒岩宇洋	民進	現職	15	新潟県 3区	男性	1966-10-13				
Q58213	玄葉光一郎	民進	現職	7	福島県 3区	男性	1964-05-20				
Q661410	小泉進次郎	自民	現職	14	神奈川県 11区	男性	1981-04-14		https://facebook.com/shinjiro.koizumi		
Q11462582	小泉龍司	無所属	現職	11	埼玉県 11区	男性	1952-09-17				
Q1161024	河野太郎	自民	現職	14	神奈川県 15区	男性	1963-01-10	konotarogomame	https://facebook.com/河野太郎-168727046514485		
Q697969	高村正彦	自民	現職	35	山口県 1区	男性	1942-03-15				
Q11411691	古賀篤	自民	現職	40	福岡県 3区	男性	1972-07-14				
Q6383646	穀田恵二	共産	現職		近畿ブロック	男性	1947-01-11	kokutakeiji			
Q11422694	國場幸之助	自民	現職		九州ブロック	男性	1973-01-10				
Q11637774	輿水恵一	公明	現職		北関東ブロック	男性	1962-02-04				
	小島敏文	自民	現職		中国ブロック						
Q11461955	小林鷹之	自民	現職	12	千葉県 2区	男性	1974-11-29				
Q11461458	小林史明	自民	現職	34	広島県 7区	男性	1983-04-08	kb2474	https://facebook.com/fumiaki.kobayashi0408		重複注意
Q17158257	小林史明	自民	現職	34	広島県 7区	男性	1974-12-10				重複注意
Q11461243	小松裕	自民	現職		北陸信越ブロック	男性	1954-01-01				
Q8050022	小宮山泰子	民進	現職		北関東ブロック	女性	1965-04-25		https://facebook.com/yasko.komiyama		
Q11459848	小山展弘	民進	現職		東海ブロック	男性	1975-12-26				
Q653000	近藤昭一	民進	現職	23	愛知県 3区	男性	1958-05-26				
Q49943	近藤洋介	民進	現職		東北ブロック	男性	1965-05-19	kondoyosuke21	https://facebook.com/kondo21		
Q17158474	今野智博	自民	現職		北関東ブロック	男性	1975-07-25				
Q7496422	後藤茂之	自民	現職	20	長野県 4区	男性	1955-12-09				
Q6782819	後藤田正純	自民	現職	36	徳島県 1区	男性	1969-08-05	gotodamasazumi	https://facebook.com/gotoda.masazumi		
Q11488572	後藤祐一	希望	現職	14	神奈川県 16区	男性	1969-03-25				
Q18817567	斉藤和子	共産	現職		南関東ブロック	女性	1974-09-29				
Q11679075	齋藤健	自民	現職	12	千葉県 7区	男性	1959-06-14				
Q926287	斉藤鉄夫	公明	現職		中国ブロック	男性	1952-02-05	saitotetsuo			
Q17158549	斎藤洋明	自民	現職		北陸信越ブロック	男性	1976-12-08				
Q6746574	坂井学	自民	現職	14	神奈川県 5区	男性	1965-09-04	sakai_manabu	https://facebook.com/sakaimanabu.yokohama		
Q7706925	坂本哲志	自民	現職	43	熊本県 3区	男性	1950-11-06				
Q17158714	坂本祐之輔	民進	現職		北関東ブロック	男性	1955-01-30				
	櫻田義孝	自民	現職	12	千葉県 8区						
Q11602573	笹川博義	自民	現職	10	群馬県 3区	男性	1966-08-29				
Q7677066	佐々木隆博	民進	現職	1	北海道 6区	男性	1949-03-10				
Q17158871	佐々木紀	自民	現職	17	石川県 2区	男性	1974-10-18				
Q5533162	佐田玄一郎	自民	現職	10	群馬県 1区	男性	1952-01-01				
Q9067667	左藤章	自民	現職	27	大阪府 2区	男性	1951-07-12	310akirasato	https://facebook.com/jimusyo.satoakira		
Q7496342	佐藤茂樹	公明	現職	27	大阪府 3区	男性	1959-06-08				
Q1133360	佐藤勉	自民	現職	9	栃木県 4区	男性	1952-06-20				重複注意
Q21756077	佐藤勉	自民	現職	9	栃木県 4区	男性	1902-01-01				重複注意
	佐藤英道	公明	現職	1	北海道ブロック						
Q8060577	佐藤ゆかり	自民	現職	27	大阪府 11区	女性	1961-08-19				
Q337507	志位和夫	共産	現職		南関東ブロック	男性	1954-07-29	shiikazuo			
Q11647123	椎木保	維新	現職		近畿ブロック	男性	1966-07-04				
Q7706956	塩川鉄也	共産	現職		北関東ブロック	男性	1961-12-18				
Q360395	塩崎恭久	自民	現職	38	愛媛県 1区	男性	1950-11-07				
Q935199	塩谷立	自民	現職	22	静岡県 8区	男性	1950-02-18				
Q11644760	重徳和彦	民進	現職	23	愛知県 12区	男性	1970-12-21				
Q49875	階猛	民進	現職	3	岩手県 1区	男性	1966-01-01	shinatakeshi			
	篠原豪	民進	現職		南関東ブロック						
Q7677369	篠原孝	民進	現職	20	長野県 1区	男性	1948-01-01				
Q6782350	柴山昌彦	自民	現職	11	埼玉県 8区	男性	1965-12-05	shiba_masa	https://facebook.com/549728848437286		
Q17159494	島田佳和	自民	現職		東海ブロック	男性	1970-05-08				
Q18817650	島津幸広	共産	現職		東海ブロック	男性	1956-10-19				
Q11560960	清水忠史	共産	現職		近畿ブロック	男性	1968-05-05				
Q1761759	下地幹郎	維新	現職		九州ブロック	男性	1961-08-14				
Q1655220	下村博文	自民	現職	13	東京都 11区	男性	1954-05-23		https://facebook.com/hakubun.shimomura		
Q11580448	白須賀貴樹	自民	現職	12	千葉県 13区	男性	1975-03-16				
Q15220933	新谷正義	自民	現職		中国ブロック	男性	1975-03-08				
Q529792	新藤義孝	自民	現職	11	埼玉県 2区	男性	1958-01-20	shindo_y	https://facebook.com/100005256916522		
Q122465	菅義偉	自民	現職	14	神奈川県 2区	男性	1948-12-06	sugawitter	https://facebook.com/yoshihide.suga		
Q11619136	菅原一秀	自民	現職	13	東京都 9区	男性	1962-01-07	sugawaraisshu			
Q11399825	助田重義	自民	現職		北陸信越ブロック	男性	1960-01-10				
Q129149	鈴木克昌	民進	現職		東海ブロック	男性	1943-11-14				
Q6383909	鈴木馨祐	自民	現職	14	神奈川県 7区	男性	1977-02-09				
Q3482657	鈴木俊一	自民	現職	3	岩手県 2区	男性	1910-11-06				重複注意
Q3482658	鈴木俊一	自民	現職	3	岩手県 2区	男性	1953-04-13				重複注意
Q11649031	鈴木淳司	自民	現職		東海ブロック	男性	1958-04-07		https://facebook.com/suzuki.jyunji		
Q17160031	鈴木貴子	無所属	現職	1	北海道ブロック	女性	1986-01-05		https://facebook.com/takakosuzukidaichi		
Q11648868	鈴木憲和	自民	現職	6	山形県 2区	男性	1982-01-30				
Q3264042	鈴木隼人	自民	現職		東京ブロック	男性	1982-05-13				重複注意
Q20040828	鈴木隼人	自民	現職		東京ブロック	男性	1977-08-08				重複注意
Q11649189	鈴木義弘	希望	現職		北関東ブロック	男性	1962-11-10				
Q8056061	関芳弘	自民	現職	28	兵庫県 3区	男性	1965-06-07	sekiyoshihiro	https://facebook.com/sekiyoshihiro		
Q11566681	瀬戸隆一	自民	現職		四国ブロック	男性	1965-08-02				
Q1965622	薗浦健太郎	自民	現職	12	千葉県 5区	男性	1972-06-03				
Q457774	園田博之	自民	現職	43	熊本県 4区	男性	1942-02-19				
Q6782264	平将明	自民	現職	13	東京都 4区	男性	1967-02-21	TAIRAMASAAKI	https://facebook.com/tairamasaaki		
Q11668691	高井崇志	民進	現職		中国ブロック	男性	1969-09-26				
Q1705028	高市早苗	自民	現職	29	奈良県 2区	女性	1961-03-07				
Q472792	高木義明	民進	現職		九州ブロック	男性	1945-12-22				
Q7850389	高木毅	自民	現職	18	福井県 2区	男性	1956-01-01				
Q11670038	高木宏壽	自民	現職	1	北海道 3区	男性	1960-04-09				
Q6837950	高木美智代	公明	現職		東京ブロック	女性	1952-09-13				
Q8062685	高木陽介	公明	現職		東京ブロック	男性	1959-12-16				
Q7504756	高鳥修一	自民	現職	15	新潟県 6区	男性	1960-01-01				
Q5102671	高橋千鶴子	共産	現職		東北ブロック	女性	1959-09-16	chiduko916			
	高橋ひなこ	自民	現職		東北ブロック						
Q11545768	武井俊輔	自民	現職	45	宮崎県 1区	男性	1975-03-29				
	竹内譲	公明	現職		近畿ブロック						
Q2484652	竹下亘	自民	現職	32	島根県 2区	男性	1946-11-03				
Q7385342	武田良太	自民	現職	40	福岡県 11区	男性	1968-04-01				
Q11546586	武部新	自民	現職	1	北海道 12区	男性	1970-07-20				
Q6426239	武正公一	民進	現職		北関東ブロック	男性	1961-03-23	takemasakoichi			
Q11546026	武村展英	自民	現職	25	滋賀県 3区	男性	1972-01-21				
Q614464	竹本直一	自民	現職	27	大阪府 15区	男性	1940-11-23				
Q6088170	田島一成	民進	現職		近畿ブロック	男性	1940-01-01				重複注意
Q6088170	田島一成	民進	現職		近畿ブロック	男性	1962-06-15				重複注意
Q6360573	田嶋要	民進	現職	12	千葉県 1区	男性	1961-01-01	kanametajima			
Q11544282	橘慶一郎	自民	現職	16	富山県 3区	男性	1961-01-23				
Q11576787	田所嘉徳	自民	現職	8	茨城県 1区	男性	1954-01-19				
Q6381615	田中和徳	自民	現職	14	神奈川県 10区	男性	1949-01-21				
Q17160872	田中英之	自民	現職	26	京都府 4区	男性	1970-07-11				
Q7385322	田中良生	自民	現職	11	埼玉県 15区	男性	1963-11-11		https://facebook.com/ryosei.tanaka.7		
Q1340817	棚橋泰文	自民	現職	21	岐阜県 2区	男性	1963-02-11				
Q463331	谷垣禎一	自民	現職	26	京都府 5区	男性	1945-03-07	tanigaki_s			
Q20041303	谷川とむ	自民	現職		近畿ブロック	男性	1976-04-27				
Q8046971	谷川弥一	自民	現職	42	長崎県 3区	男性	1941-08-12				
Q6426240	谷公一	自民	現職	28	兵庫県 5区	男性	1952-01-28				
Q7677383	谷畑孝	維新	現職	27	大阪府 14区	男性	1947-01-10				
Q11577481	田野瀬太道	自民	現職	29	奈良県 4区	男性	1974-07-04				
Q11577186	田畑毅	自民	現職		東京ブロック	男性	1972-05-02				
Q11577205	田畑裕明	自民	現職	16	富山県 1区	男性	1973-01-02				
Q11572647	玉木雄一郎	民進	現職	37	香川県 2区	男性	1969-05-01				
Q11572466	玉城デニー	自由	現職	47	沖縄県 3区	男性	1959-10-13	tamakidenny			
Q18817798	田村貴昭	共産	現職		九州ブロック	男性	1961-04-30				
Q1656878	田村憲久	自民	現職	24	三重県 4区	男性	1964-12-15				
	津島淳	自民	現職	2	青森県 1区						
Q11638274	辻清人	自民	現職	13	東京都 2区	男性	1979-09-07		https://facebook.com/kiyototsujitokyo2nd		
Q405533	辻元清美	民進	現職	27	大阪府 10区	女性	1960-04-28	tsujimotokiyomi	https://facebook.com/100005838250019		
Q11423241	土屋品子	自民	現職	11	埼玉県 13区	女性	1952-01-01				
Q6782686	土屋正忠	自民	現職	13	東京都 18区	男性	1942-01-13				
Q20041482	角田秀穂	公明	現職		南関東ブロック	男性	1961-03-25				
Q6383911	津村啓介	民進	現職		中国ブロック	男性	1971-01-01	Tsumura_Keisuke			
Q6746585	寺田学	民進	現職		東北ブロック	男性	1971-01-01				
Q6869306	寺田稔	自民	現職	34	広島県 5区	男性	1958-01-24	terada124	https://facebook.com/TeradaMinoru.page		
Q1724004	照屋寛徳	社民	現職	47	沖縄県 2区	男性	1945-07-24				
Q6418998	遠山清彦	公明	現職		九州ブロック	男性	1969-06-05	kiyohiko_toyama	https://facebook.com/toyama.kiyohiko1		
Q1133136	渡海紀三朗	自民	現職	28	兵庫県 10区	男性	1948-02-11				
	とかしきなおみ	自民	現職	27	大阪府 7区						
Q11395120	冨樫博之	自民	現職	5	秋田県 1区	男性	1955-04-27				
Q7850337	冨岡勉	自民	現職	42	長崎県 1区	男性	1948-07-04				
Q7496423	富田茂之	公明	現職		南関東ブロック	男性	1953-10-01				
Q11634137	豊田真由子	無所属	現職	11	埼玉県 4区	女性	1974-10-10				
Q7862709	土井亨	自民	現職	4	宮城県 1区	男性	1958-08-12				
Q11364762	中川俊直	無所属	現職	34	広島県 4区	男性	1970-04-25				
Q1906668	中川正春	民進	現職	24	三重県 2区	男性	1950-06-10				
	中川康洋	公明	現職		東海ブロック						
Q1655755	中川郁子	自民	現職	1	北海道 11区	女性	1958-12-22				
Q18817877	仲里利信	無所属	現職	47	沖縄県 4区	男性	1937-03-16				
Q11364418	中島克仁	民進	現職	19	山梨県 1区	男性	1967-09-27				
Q5530859	中谷元	自民	現職	39	高知県 1区	男性	1957-10-14		https://facebook.com/gen.nakatani.1		
Q7477634	中谷真一	自民	現職		南関東ブロック	男性	1976-09-30				
Q6381814	中根一幸	自民	現職		北関東ブロック	男性	1969-01-01				
Q11366226	中根康浩	民進	現職		東海ブロック	男性	1962-08-17				
Q11367646	中野洋昌	公明	現職	28	兵庫県 8区	男性	1978-01-04				
Q6416606	中村喜四郎	無所属	現職	8	茨城県 7区	男性	1949-04-10				
Q11365989	中村裕之	自民	現職	1	北海道 4区	男性	1961-02-23				
Q11364144	中山展宏	自民	現職		南関東ブロック	男性	1968-09-16				
Q8049965	中山泰秀	自民	現職	27	大阪府 4区	男性	1970-10-14	iloveyatchan	https://facebook.com/yasuhide.nakayama		
Q6383690	永岡桂子	自民	現職		北関東ブロック	女性	1953-12-08				
Q11651845	長尾敬	自民	現職		近畿ブロック	男性	1962-11-29				
Q11651619	長坂康正	自民	現職	23	愛知県 9区	男性	1957-04-10				
Q6433881	長崎幸太郎	無所属	現職	19	山梨県 2区	男性	1953-01-01				重複注意
Q6433881	長崎幸太郎	無所属	現職	19	山梨県 2区	男性	1968-08-18				重複注意
Q4700952	長島昭久	希望	現職		東京ブロック	男性	1962-02-17	nagashima21	https://facebook.com/aki.nagashima21		
Q263777	長妻昭	民進	現職	13	東京都 7区	男性	1960-06-14	nagatsumaakira	https://facebook.com/nagatsumaakira		
Q1133880	二階俊博	自民	現職	30	和歌山県 3区	男性	1939-02-17				
Q6435116	西川公也	自民	現職		北関東ブロック	男性	1942-12-26				
Q4700938	西村明宏	自民	現職	4	宮城県 3区	男性	1960-07-16				
Q5100105	西村智奈美	民進	現職		北陸信越ブロック	女性	1967-01-13				
Q8050121	西村康稔	自民	現職	28	兵庫県 9区	男性	1962-10-15	nishy03			
Q11629931	西銘恒三郎	自民	現職		九州ブロック	男性	1954-08-07				
Q5752415	丹羽秀樹	自民	現職	23	愛知県 6区	男性	1972-01-01	niwahideki	https://facebook.com/hideki.niwa.148		
Q861808	丹羽雄哉	自民	現職	8	茨城県 6区	男性	1944-04-20				
Q1207174	額賀福志郎	自民	現職	8	茨城県 2区	男性	1944-01-11				
Q1704924	根本匠	自民	現職	7	福島県 2区	男性	1951-03-07				
Q11536382	根本幸典	自民	現職	23	愛知県 15区	男性	1965-02-21				
Q459698	野田聖子	自民	現職	21	岐阜県 1区	女性	1960-09-03		https://facebook.com/seiko.noda.73		
Q11646016	野田毅	自民	現職	43	熊本県 2区	男性	1941-10-03				重複注意
Q11646018	野田毅	自民	現職	43	熊本県 2区	男性	1912-01-01				重複注意
Q57647	野田佳彦	民進	現職	12	千葉県 4区	男性	1957-05-20	NODAYOSHI55			
Q11645002	野中厚	自民	現職	11	埼玉県 12区	男性	1976-11-17				
Q11646177	野間健	希望	現職	46	鹿児島県 3区	男性	1958-10-08				
Q6426211	萩生田光一	自民	現職	13	東京都 24区	男性	1963-08-31				
Q5517695	橋本岳	自民	現職	33	岡山県 4区	男性	1974-02-05	ga9_h			
Q11544051	橋本英教	自民	現職		東北ブロック	男性	1967-08-28				
Q3136350	馳浩	自民	現職	17	石川県 1区	男性	1961-05-05		https://facebook.com/hiroshi.hase		
Q11578505	畑野君枝	共産	現職		南関東ブロック	女性	1957-01-28				
Q18817972	畠山和也	共産	現職	1	北海道ブロック	男性	1971-08-20				
Q11396609	初鹿明博	民進	現職		東京ブロック	男性	1969-04-15				
Q17219387	鳩山二郎	自民	現職	40	福岡県 6区	男性	1979-01-13				
Q8049977	葉梨康弘	自民	現職	8	茨城県 3区	男性	1959-01-01				
Q1132836	浜田靖一	自民	現職	12	千葉県 12区	男性	1955-10-21				
	浜地雅一	公明	現職		九州ブロック						
Q11566187	濱村進	公明	現職		近畿ブロック	男性	1975-09-30	HamamuraSusumu	https://facebook.com/hamamurasusumu		
Q926370	林幹雄	自民	現職	12	千葉県 10区	男性	1947-01-03				
Q548239	原口一博	民進	現職	41	佐賀県 1区	男性	1959-07-02	kharaguchi	https://facebook.com/kharagucih		
Q11409844	原田憲治	自民	現職	27	大阪府 9区	男性	1948-06-09				
Q8055970	原田義昭	自民	現職	40	福岡県 5区	男性	1944-10-01				
Q11667848	馬場伸幸	維新	現職	27	大阪府 17区	男性	1965-01-27				
Q784087	伴野豊	民進	現職		東海ブロック	男性	1961-01-01				
Q11547421	比嘉奈津美	自民	現職		九州ブロック	女性	1958-10-03				
Q11542092	樋口尚也	公明	現職		近畿ブロック	男性	1971-04-11				
	平井たくや	自民	現職	37	香川県 1区						
Q5770815	平口洋	自民	現職	34	広島県 2区	男性	1948-01-01				
Q6378065	平沢勝栄	自民	現職	13	東京都 17区	男性	1945-09-04				
Q405085	平沼赳夫	自民	現職	33	岡山県 3区	男性	1939-08-03				
Q1155448	平野博文	民進	現職		近畿ブロック	男性	1949-03-19				
Q7705291	福井照	自民	現職		四国ブロック	男性	1953-01-01				
Q11593023	福島伸享	民進	現職		北関東ブロック	男性	1970-08-08				
Q3435725	福田昭夫	民進	現職	9	栃木県 2区	男性	1948-04-17				
Q2506910	福田達夫	自民	現職	10	群馬県 4区	男性	1967-03-05	TatsuoFukuda	https://facebook.com/tatsuo.fukuda.page		
	ふくだ峰之	希望	現職		南関東ブロック						
Q11592023	福山守	自民	現職		四国ブロック	男性	1952-12-19				
Q11622818	藤井比早之	自民	現職	28	兵庫県 4区	男性	1971-09-11				
Q18818065	藤野保史	共産	現職		北陸信越ブロック	男性	1970-06-04				
Q11622647	藤丸敏	自民	現職	40	福岡県 7区	男性	1960-01-19				
Q11623218	藤原崇	自民	現職		東北ブロック	男性	1983-08-02				
Q5639959	船田元	自民	現職	9	栃木県 1区	男性	1953-01-01		https://facebook.com/hajime.funada		
Q1949760	古川元久	民進	現職	23	愛知県 2区	男性	1965-12-06	Fullgen	https://facebook.com/FurukawaMotohisa		
Q2576940	古川康	自民	現職	41	佐賀県 2区	男性	1958-07-15				
Q8056070	古川禎久	自民	現職	45	宮崎県 3区	男性	1965-08-03				
Q18817349	古田圭一	自民	現職		中国ブロック	男性	1957-08-14				
Q7497524	古本伸一郎	民進	現職	23	愛知県 11区	男性	1965-03-11				
Q1704969	古屋圭司	自民	現職	21	岐阜県 5区	男性	1952-11-01		https://facebook.com/furuyakeiji		
Q7051265	古屋範子	公明	現職		南関東ブロック	女性	1956-05-14	Noriko_Furuya	https://facebook.com/noriko.furuya514		
Q11513088	星野剛士	自民	現職	14	神奈川県 12区	男性	1963-08-08				
Q11606064	細田健一	自民	現職	15	新潟県 2区	男性	1964-07-11				
Q1133192	細田博之	自民	現職	32	島根県 1区	男性	1944-04-05	HosodaHiroyuki			
Q1135729	細野豪志	希望	現職	22	静岡県 5区	男性	1971-08-21	hosono_54	https://facebook.com/hosono54		
Q1131407	堀井学	自民	現職	1	北海道 9区	男性	1972-02-19				
Q18818101	堀内照文	共産	現職		近畿ブロック	男性	1972-11-02				
Q11427301	堀内詔子	自民	現職		南関東ブロック	女性	1965-10-28				
	前川恵	自民	現職		東京ブロック						
Q11397382	前田一男	自民	現職	1	北海道ブロック	男性	1966-05-27				
Q132280	前原誠司	民進	現職	26	京都府 2区	男性	1962-04-30				
Q11570409	牧島かれん	自民	現職	14	神奈川県 17区	女性	1976-11-01	makishimakaren			
Q5752395	牧原秀樹	自民	現職		北関東ブロック	男性	1971-01-01				
Q8056240	牧義夫	民進	現職		東海ブロック	男性	1958-01-14				
Q18818124	真島省三	共産	現職		九州ブロック	男性	1963-01-12				
Q18818128	升田世喜男	民進	現職		東北ブロック	男性	1957-06-05				
Q6383605	桝屋敬悟	公明	現職		中国ブロック	男性	1951-04-03				
	松木けんこう	民進	現職	1	北海道ブロック						
Q6842917	松島みどり	自民	現職	13	東京都 14区	女性	1956-07-15	matusimamidori	https://facebook.com/matsushimamidori		
Q17223599	松田直久	民進	現職		東海ブロック	男性	1954-05-08				
Q923428	松浪健太	維新	現職		近畿ブロック	男性	1971-08-17	matsunamikenta			
Q5770251	松野博一	自民	現職	12	千葉県 3区	男性	1962-01-01		https://facebook.com/matsunohirokazu		
Q8055323	松野頼久	民進	現職		九州ブロック	男性	1960-09-19		https://facebook.com/matsunoyorihisa		
Q1336805	松原仁	希望	現職		東京ブロック	男性	1956-07-31				
Q6311513	松本純	自民	現職	14	神奈川県 1区	男性	1950-04-11				
Q1315762	松本剛明	自民	現職	28	兵庫県 11区	男性	1959-04-25		https://facebook.com/takeaki.matsumoto.94		
Q5508556	松本文明	自民	現職		東京ブロック	男性	1949-03-25				
Q5680924	松本洋平	自民	現職	13	東京都 19区	男性	1973-08-31	matsumoto_yohei	https://facebook.com/matsumoto.yohei.7		
Q388496	馬淵澄夫	民進	現職	29	奈良県 1区	男性	1960-08-23	mabuchi_sumio			
Q21655809	真山祐一	公明	現職		東北ブロック	男性	1981-06-04				
	丸山穂高	維新	現職	27	大阪府 19区						
Q11353993	三ッ林裕巳	自民	現職	11	埼玉県 14区	女性	1955-09-07				
	三ッ矢憲生	自民	現職	24	三重県 5区						
Q6782673	水戸将史	民進	現職		南関東ブロック	男性	1962-07-28				
Q49988	御法川信英	自民	現職	5	秋田県 3区	男性	1964-01-01				
Q4803390	三原朝彦	自民	現職	40	福岡県 9区	男性	1947-05-23				
Q11453336	宮内秀樹	自民	現職	40	福岡県 4区	男性	1962-10-19				
Q11454668	宮川典子	自民	現職		南関東ブロック	女性	1979-04-05				
Q1656896	宮腰光寛	自民	現職	16	富山県 2区	男性	1950-01-01				
Q11454258	宮崎岳志	民進	現職		北関東ブロック	男性	1970-02-14				
Q11454333	宮崎政久	自民	現職		九州ブロック	男性	1965-08-08				
	宮澤博行	自民	現職	22	静岡県 3区						
Q5986289	宮下一郎	自民	現職	20	長野県 5区	男性	1958-08-01				
	宮路拓馬	自民	現職		九州ブロック						
Q11454828	宮本岳志	共産	現職		近畿ブロック	男性	1959-12-25				
Q18818200	宮本徹	共産	現職		東京ブロック	男性	1972-01-22				
Q7505129	務台俊介	自民	現職	20	長野県 2区	男性	1956-01-01				
Q11546528	武藤貴也	無所属	現職	25	滋賀県 4区	男性	1979-05-25				
Q8054534	武藤容治	自民	現職	21	岐阜県 3区	男性	1955-10-18				
Q18818207	宗清皇一	自民	現職	27	大阪府 13区	男性	1970-08-09				
Q11523004	村井英樹	自民	現職	11	埼玉県 1区	男性	1980-05-14				
Q11523193	村岡敏英	民進	現職		東北ブロック	男性	1960-07-25				
Q7446719	村上誠一郎	自民	現職	38	愛媛県 2区	男性	1952-05-11				
Q8056243	望月義夫	自民	現職	22	静岡県 4区	男性	1947-05-02				
Q1655453	茂木敏充	自民	現職	9	栃木県 5区	男性	1955-10-07		https://facebook.com/moteging		
Q11520430	本村賢太郎	民進	現職		南関東ブロック	男性	1970-04-17				
Q18818221	本村伸子	共産	現職		東海ブロック	女性	1972-10-20				
Q1133194	森英介	自民	現職	12	千葉県 11区	男性	1948-08-31				
	森山裕	自民	現職	46	鹿児島県 5区						
Q6782391	盛山正仁	自民	現職		近畿ブロック	男性	1953-12-14				
Q11391317	八木哲也	自民	現職		東海ブロック	男性	1947-08-10				
Q786752	保岡興治	自民	現職	46	鹿児島県 1区	男性	1939-05-11				
Q11603860	簗和生	自民	現職	9	栃木県 3区	男性	1979-04-22				
Q11467778	山尾志桜里	無所属	現職	23	愛知県 7区	女性	1974-07-24				
Q5209617	山際大志郎	自民	現職	14	神奈川県 18区	男性	1968-09-12				
Q7505080	山口俊一	自民	現職	36	徳島県 2区	男性	1950-02-28				
Q7676160	山口泰明	自民	現職	11	埼玉県 10区	男性	1948-11-10				
	山口壯	自民	現職	28	兵庫県 12区						
Q11466071	山下貴司	自民	現職	33	岡山県 2区	男性	1965-09-08				
Q11470671	山田賢司	自民	現職	28	兵庫県 7区	男性	1966-04-20				
Q11470608	山田美樹	自民	現職	13	東京都 1区	女性	1974-03-15	yamada_miki	https://facebook.com/mikiprofile		
Q11466249	山井和則	民進	現職	26	京都府 6区	男性	1962-01-06	yamanoikazunori	https://facebook.com/yamanoikazunori		
Q6426244	山本公一	自民	現職	38	愛媛県 4区	男性	1947-09-04				
Q6435368	山本幸三	自民	現職	40	福岡県 10区	男性	1948-08-08				
	山本拓	自民	現職		北陸信越ブロック						
Q11469130	山本朋広	自民	現職		南関東ブロック	男性	1975-06-20	ty_polepole	https://facebook.com/polepole.ty		
Q8060529	山本有二	自民	現職	39	高知県 2区	男性	1952-05-11				
Q6837954	柚木道義	民進	現職		中国ブロック	男性	1972-05-28	yunoki_m	https://facebook.com/michiyohi.yunoki		
Q130856	横路孝弘	民進	現職	1	北海道 1区	男性	1941-01-03				
Q18818315	横山博幸	希望	現職		四国ブロック	男性	1950-11-06				
Q11609955	義家弘介	自民	現職		南関東ブロック	男性	1971-03-31		https://facebook.com/h.yoshiie		
Q7677156	吉川貴盛	自民	現職	1	北海道 2区	男性	1950-01-01		https://facebook.com/takamori.yoshikawa		
	吉川元	社民	現職		九州ブロック						
	吉田豊史	維新	現職		北陸信越ブロック						
	吉田宣弘	公明	現職		九州ブロック						
Q49949	吉野正芳	自民	現職	7	福島県 5区	男性	1948-08-08				
Q5770152	笠浩史	希望	現職	14	神奈川県 9区	男性	1965-01-03				
Q11616618	若狭勝	希望	現職	13	東京都 10区	男性	1956-12-06				
Q6389383	若宮健嗣	自民	現職	13	東京都 5区	男性	1961-01-01				
Q5349200	鷲尾英一郎	民進	現職		北陸信越ブロック	男性	1977-01-01				
Q11562188	渡辺孝一	自民	現職	1	北海道ブロック	男性	1957-11-25				
Q7504421	渡辺周	民進	現職	22	静岡県 6区	男性	1961-12-11				
Q11562133	渡辺博道	自民	現職	12	千葉県 6区	男性	1950-08-03				
Q23907516	和田義明	自民	現職	1	北海道 5区	男性	1971-10-10				
Q11614128	船橋利実	自民		1	北海道 1区	男性	1960-11-20				
	道下大樹	民進		1	北海道 1区						
	森英士	共産		1	北海道 1区						
	金倉昌俊	共産		1	北海道 2区						
	小和田康文	維新		1	北海道 2区						
Q6389412	松木謙公	自民		1	北海道 2区	男性	1959-02-22				
	荒井聡	民進		1	北海道 3区						
	川部竜二	共産		1	北海道 3区						
	高木宏寿	自民		1	北海道 3区						
	佐々木明美	共産		1	北海道 4区						
Q11519999	本多平直	民進		1	北海道 4区	男性	1964-12-02				
Q11552069	池田真紀	民進		1	北海道 5区	女性	1981-03-01				
	森山佳則	幸福		1	北海道 5区						
	荻生和敏	共産		1	北海道 6区						
	石川明美	共産		1	北海道 7区						
	本間勝美	共産		1	北海道 8区						
	松橋千春	共産		1	北海道 9区						
	山岡達丸	民進		1	北海道 9区						
	神谷裕	民進		1	北海道 10区						
	女鹿武	共産		1	北海道 10区						
	石川香織	無所属		1	北海道 11区						
	佐々木とし子	共産		1	北海道 11区						
	菅原誠	共産		1	北海道 12区						
	水上美華	民進		1	北海道 12区						
	赤平勇人	共産		2	青森県 1区						
	奥本菜保巳	共産		2	青森県 2区						
	工藤武司	民進		2	青森県 2区						
	木村次郎	自民		2	青森県 3区						
	高柳博明	共産		2	青森県 3区						
	三国佑貴	幸福		2	青森県 3区						
	山内崇	民進		2	青森県 3区						
Q11671375	高橋比奈子	自民		3	岩手県 1区	女性	1958-01-19				
	吉田恭子	共産		3	岩手県 1区						
Q11578483	畑浩治	民進		3	岩手県 2区	男性	1963-09-28				
Q1916906	菊池幸夫	共産		3	岩手県 3区	男性	1964-01-01				
	岡本章子	無所属		4	宮城県 1区						
	畠山昌樹	維新		4	宮城県 1区						
	松井秀明	共産		4	宮城県 1区						
	油井哲史	幸福		4	宮城県 1区						
Q11651021	鎌田さゆり	無所属		4	宮城県 2区	女性	1965-01-08				
Q11383724	佐藤克之	共産		4	宮城県 2区	男性	1963-02-24				
	一條芳弘	民進		4	宮城県 3区						
Q11413629	吉田剛	共産		4	宮城県 3区	男性	1966-11-28				
	戸津川永	共産		4	宮城県 4区						
	坂東毅彦	民進		4	宮城県 4区						
	横田有史	共産		4	宮城県 6区						
	斉藤大悟	共産		5	秋田県 1区						
	藤本友里	共産		5	秋田県 2区						
	緑川貴士	民進		5	秋田県 2区						
	荒井寛	民進		6	山形県 1区						
	石川渉	共産		6	山形県 1区						
	岩本康嗣	共産		6	山形県 2区						
Q11657813	阿部寿一	無所属		6	山形県 3区	男性	1959-08-17				
	加藤太一	共産		6	山形県 3区						
	城取良太	幸福		6	山形県 3区						
	斎藤朝興	共産		7	福島県 1区						
	岡部光規	民進		7	福島県 2区						
	平善彦	共産		7	福島県 2区						
	上杉謙太郎	自民		7	福島県 3区						
Q11543840	橋本健二	共産		7	福島県 3区	男性	1959-01-01				
	古川芳憲	共産		7	福島県 4区						
	渡辺敏雄	社民		7	福島県 4区						
	遠藤陽子	社民		7	福島県 5区						
	熊谷智	共産		7	福島県 5区						
	大内久美子	共産		8	茨城県 1区						
	川辺賢一	幸福		8	茨城県 1区						
	星野文雄	共産		8	茨城県 2区						
Q11586782	石津政雄	民進		8	茨城県 2区	男性	1947-03-10				
	安部一真	民進		8	茨城県 3区						
	林京	共産		8	茨城県 3区						
	堀江鶴治	共産		8	茨城県 4区						
	浅野哲	民進		8	茨城県 5区						
	川崎篤子	共産		8	茨城県 5区						
	青山大人	民進		8	茨城県 6区						
	国光文乃	自民		8	茨城県 6区						
	古沢喜幸	共産		8	茨城県 6区						
	石嶋巌	共産		8	茨城県 7区						
Q11661721	青木弘	共産		9	栃木県 1区	男性	1976-01-01				
Q11533657	柏倉祐司	民進		9	栃木県 1区	男性	1969-04-10				
	渡辺典喜	無所属		9	栃木県 1区						
	小池一徳	共産		9	栃木県 2区						
	石渡剛	幸福		9	栃木県 3区						
	槙昌三	共産		9	栃木県 3区						
	藤岡隆雄	民進		9	栃木県 4区						
	山崎寿彦	共産		9	栃木県 4区						
Q11439189	大豆生田実	無所属		9	栃木県 5区	男性	1965-12-05				
	川上均	共産		9	栃木県 5区						
	店橋世津子	共産		10	群馬県 1区						
	中曽根康隆	無所属		10	群馬県 1区						
	長谷田直之	共産		10	群馬県 2区						
	渋沢哲男	共産		10	群馬県 3区						
	長谷川嘉一	民進		10	群馬県 3区						
	萩原貞夫	共産		10	群馬県 4区						
Q11361823	不破弘樹	民進		10	群馬県 4区	男性	1966-07-09				
Q614476	伊藤達也	共産		10	群馬県 5区	男性	1961-07-06				重複注意
	高橋宣之	社民		10	群馬県 5区						
	鳥羽恵	共産		11	埼玉県 1区						
	菅克己	民進		11	埼玉県 2区						
	平川道也	共産		11	埼玉県 2区						
	飯田剛	幸福		11	埼玉県 3区						
	平野厚子	共産		11	埼玉県 3区						
	山川百合子	民進		11	埼玉県 3区						
	青柳仁士	維新		11	埼玉県 4区						
	朝賀英義	共産		11	埼玉県 4区						
	穂坂泰	自民		11	埼玉県 4区						
	吉田芳朝	民進		11	埼玉県 4区						
	山本悠子	共産		11	埼玉県 5区						
	戸口佐一	共産		11	埼玉県 6区						
	長沼チネ	共産		11	埼玉県 7区						
Q11463967	小野塚勝俊	民進		11	埼玉県 8区	男性	1972-05-05				
	辻源巳	共産		11	埼玉県 8区						
	神田三春	共産		11	埼玉県 9区						
	杉村慎治	民進		11	埼玉県 9区						
Q17159541	清水正之	共産		11	埼玉県 10区	男性	1947-01-01				
	柴岡祐真	共産		11	埼玉県 11区						
	林秀洋	共産		11	埼玉県 12区						
	森田俊和	民進		11	埼玉県 12区						
	赤岸雅治	共産		11	埼玉県 13区						
	池田万佐代	社民		11	埼玉県 13区						
	三角創太	民進		11	埼玉県 13区						
Q11649189	鈴木義弘	民進		11	埼玉県 14区	男性	1962-11-10				重複注意
	苗村京子	共産		11	埼玉県 14区						
	榛野博	維新		11	埼玉県 14区						
	三ツ林裕巳	自民		11	埼玉県 14区						
Q18700742	梅村早江子	共産		11	埼玉県 15区	女性	1964-06-28				
Q7426418	高山智司	民進		11	埼玉県 15区	男性	1970-04-20				
	大野隆	共産		12	千葉県 1区						
Q11653978	長谷川豊	維新		12	千葉県 1区	男性	1975-08-12				
	上野洋嗣	共産		12	千葉県 2区						
	樋口博康	民進		12	千葉県 2区						
	藤巻健太	維新		12	千葉県 2区						
	飯島誠之助	共産		12	千葉県 3区						
Q11472782	岡島一正	自由		12	千葉県 3区	男性	1957-11-03				
	木村哲也	自民		12	千葉県 4区						
	深津俊郎	共産		12	千葉県 4区						
Q11523550	村越祐民	民進		12	千葉県 5区	男性	1974-02-13				
	渡辺正二	共産		12	千葉県 5区						
Q11574554	生方幸夫	民進		12	千葉県 6区	男性	1947-10-31				
	浦野真	共産		12	千葉県 6区						
	星健太郎	維新		12	千葉県 6区						
	石塚貞通	民進		12	千葉県 7区						
	斎藤健	自民		12	千葉県 7区						
	渡部隆夫	共産		12	千葉県 7区						
	小野里定良	共産		12	千葉県 8区						
Q8056290	桜田義孝	自民		12	千葉県 8区	男性	1949-01-01				
	鴨志田安代	共産		12	千葉県 9区						
	笠原正実	共産		12	千葉県 10区						
Q11633044	谷田川元	民進		12	千葉県 10区	男性	1963-01-17				
	椎名史明	共産		12	千葉県 11区						
	多ケ谷亮	民進		12	千葉県 11区						
	大西航	共産		12	千葉県 12区						
	皆川眞一郎	社民		12	千葉県 12区						
	宮川伸	民進		12	千葉県 13区						
Q806947	海江田万里	民進		13	東京都 1区	男性	1949-02-26				
	冨田直樹	共産		13	東京都 1区						
	原口実季 	幸福		13	東京都 1区						
	石沢憲之	共産		13	東京都 2区						
Q11437735	大熊利昭	維新		13	東京都 2区	男性	1963-06-05				
	松尾明弘	民進		13	東京都 2区						
	香西克介	共産		13	東京都 3区						
	青山昂平	共産		13	東京都 4区						
Q11373555	井戸正枝	民進		13	東京都 4区	女性	1965-12-13				
	小林学	維新		13	東京都 5区						
Q11496954	手塚仁雄	民進		13	東京都 5区	男性	1966-09-14				
	宮本栄	共産		13	東京都 5区						
	岸武志	共産		13	東京都 6区						
	中岡茉妃	幸福		13	東京都 6区						
	谷川智行	共産		13	東京都 7区						
	長内史子	共産		13	東京都 8区						
	吉田晴美	民進		13	東京都 8区						
	原純子	共産		13	東京都 9区						
	岸良信	共産		13	東京都 10区						
	鈴木庸介	民進		13	東京都 10区						
	吉井利光	幸福		13	東京都 10区						
	小堤東	共産		13	東京都 11区						
	前田順一郎	民進		13	東京都 11区						
Q18669603	池内沙織	共産		13	東京都 12区	女性	1982-09-15				
	北條智彦	民進		13	東京都 13区						
	祖父江元希	共産		13	東京都 13区						
	阿藤和之	共産		13	東京都 14区						
Q11518735	木村剛司	維新		13	東京都 14区	男性	1971-07-09				
	清井美穂	幸福		13	東京都 14区						
	清水啓史	民進		13	東京都 14区						
	猪野隆	無所属		13	東京都 15区						
Q11535033	柿沢未途	民進		13	東京都 15区	男性	1971-01-21	310kakizawa	https://facebook.com/mito.kakizawa		重複注意
	見山伸路	維新		13	東京都 15区						
	吉田年男	共産		13	東京都 15区						
Q11366452	中津川博郷	維新		13	東京都 16区	男性	1949-04-12				
	新井杉生	共産		13	東京都 17区						
Q11380224	伊藤正樹	民進		13	東京都 17区	男性	1988-11-02				
	橋本繁樹	共産		13	東京都 18区						
Q2576975	末松義規	民進		13	東京都 19区	男性	1956-12-06				
	杉下茂雄	共産		13	東京都 19区						
Q11599306	竹田光明	民進		13	東京都 20区	男性	1955-08-13				
Q11576761	田川豊	共産		13	東京都 21区	男性	1918-11-30				
	阿部真	共産		13	東京都 22区						
	鹿野晃	維新		13	東京都 22区						
Q11470885	山花郁夫	民進		13	東京都 22区	男性	1967-01-18				
	伊藤俊輔	維新		13	東京都 23区						
	小倉将信	自民		13	東京都 23区						
Q11544691	櫛渕万里	民進		13	東京都 23区	女性	1967-10-15				
	松村亮佑	共産		13	東京都 23区						
	飯田美弥子	共産		13	東京都 24区						
	高橋斉久	民進		13	東京都 24区						
	井上宣	共産		13	東京都 25区						
	山下容子	民進		13	東京都 25区						
	明石行夫	共産		14	神奈川県 1区						
	高橋野枝	無所属		14	神奈川県 2区						
	大貫清文	共産		14	神奈川県 2区						
	壱岐愛子	幸福		14	神奈川県 3区						
Q11400194	勝又恒一郎	民進		14	神奈川県 3区	男性	1962-12-11				
	釘丸進	共産		14	神奈川県 3区						
Q1737907	浅尾慶一郎	無所属		14	神奈川県 4区	男性	1964-02-11	asao_keiichiro	https://facebook.com/KeiichiroASAO		重複注意
Q11384221	佐藤清	共産		14	神奈川県 4区	男性	1956-02-21				
	早稲田夕季	民進		14	神奈川県 4区						
	横山征吾	共産		14	神奈川県 5区						
	今村あゆみ	共産		14	神奈川県 6区						
	串田誠一	維新		14	神奈川県 6区						
	中谷一馬	民進		14	神奈川県 7区						
	若林靖久	共産		14	神奈川県 7区						
	加藤リカ	共産		14	神奈川県 8区						
Q6864590	福田峰之	希望		14	神奈川県 8区	男性	1964-01-01		https://facebook.com/fukudamineyuki		
Q11357294	三谷英弘	自民		14	神奈川県 8区	男性	1976-06-28				
	斎藤温	共産		14	神奈川県 9区						
Q11540810	椎名毅	無所属		14	神奈川県 9区	男性	1975-11-20				
	市川佳子	民進		14	神奈川県 10区						
	圷孝行	労働		14	神奈川県 11区						
	瀬戸和弘	共産		14	神奈川県 11区						
	岡崎裕	共産		14	神奈川県 13区						
	太栄志	民進		14	神奈川県 13区						
Q6203082	赤間二郎	自民		14	神奈川県 14区	男性	1968-03-27				
	中野渡旬	共産		14	神奈川県 14区						
	佐々木克己	社民		14	神奈川県 15区						
	沼上常生	共産		14	神奈川県 15区						
	池田博英	共産		14	神奈川県 16区						
	横田英司	共産		14	神奈川県 17区						
Q11542202	樋高剛	自由		14	神奈川県 18区	男性	1965-11-24				
Q11355765	三村和也	民進		14	神奈川県 18区	男性	1975-09-09				
	町田明広	共産		15	新潟県 1区						
	細井良雄	共産		15	新潟県 2区						
Q735492	伊藤誠	共産		15	新潟県 3区	男性	1936-04-20				重複注意
Q11380431	伊藤誠	共産		15	新潟県 3区	男性	1983-05-02				重複注意
Q18817369	伊藤誠	共産		15	新潟県 3区	男性	1952-08-05				重複注意
	五十嵐健彦	共産		15	新潟県 4区						
Q11435293	大平悦子	無所属		15	新潟県 5区	女性	1956-10-09				
	笠原麗香	幸福		15	新潟県 5区						
	西沢博	共産		15	新潟県 5区						
	上野公悦	共産		15	新潟県 6区						
	梅谷守	民進		15	新潟県 6区						
	今井基之	民進		16	富山県 1区						
	広野允士	自由		16	富山県 1区						
	山崎彰	社民		16	富山県 2区						
	坂本洋史	共産		16	富山県 3区						
	黒崎清則	共産		17	石川県 1区						
Q10856313	田中美絵子	民進		17	石川県 1区	女性	1975-12-16				
	本田正和	共産		17	石川県 2区						
	宮元智	幸福		17	石川県 2区						
Q11638747	近藤和也	民進		17	石川県 3区	男性	1973-12-12				
	鈴木宏太	共産		17	石川県 3区						
	金元幸枝	共産		18	福井県 1区						
Q11500159	斉木武志	民進		18	福井県 2区	男性	1974-05-13				
	猿橋巧	共産		18	福井県 2区						
	西脇愛	幸福		19	山梨県 1区						
	宮内現	共産		19	山梨県 1区						
	大久保令子	共産		19	山梨県 2区						
	小林弘幸	民進		19	山梨県 2区						
	長瀬由希子	共産		20	長野県 1区						
	橋本将之	維新		20	長野県 1区						
	清沢達也	共産		20	長野県 2区						
Q6882969	下条みつ	民進		20	長野県 2区	男性	1955-01-01				
	手塚大輔	維新		20	長野県 2区						
	及川幸久	幸福		20	長野県 3区						
	小金沢由佳	共産		20	長野県 3区						
Q11457846	寺島義幸	民進		20	長野県 3区	男性	1953-08-28				
	毛利栄子	共産		20	長野県 4区						
	中嶋康介	民進		20	長野県 5区						
	水野力夫	共産		20	長野県 5区						
	野原典子	幸福		21	岐阜県 1区						
	山越徹	共産		21	岐阜県 1区						
	吉田里江	民進		21	岐阜県 1区						
	森桜房義	共産		21	岐阜県 2区						
	井上諭	共産		21	岐阜県 3区						
Q11656652	阪口直人	民進		21	岐阜県 3区	男性	1963-06-12				
	佐伯哲也	維新		21	岐阜県 4区						
Q11657599	阿知波吉信	民進		21	岐阜県 5区	男性	1963-06-21				
	小関祥子	共産		21	岐阜県 5区						
	青山雅幸	無所属		22	静岡県 1区						
Q11462267	小池政就	維新		22	静岡県 1区	男性	1974-06-23				
	鈴木千佳	共産		22	静岡県 1区						
	福村隆	民進		22	静岡県 1区						
	松尾勉	民進		22	静岡県 2区						
	四ツ谷恵	共産		22	静岡県 2区						
	松浦喜芳	共産		22	静岡県 3区						
Q11455005	宮沢博行	自民		22	静岡県 3区	男性	1975-01-10				
Q9047844	田中健	民進		22	静岡県 4区	男性	1966-01-06				重複注意
Q11575286	田中健	民進		22	静岡県 4区	男性	1981-07-28				重複注意
Q11575288	田中健	民進		22	静岡県 4区	男性	1951-03-06				重複注意
Q11575289	田中健	民進		22	静岡県 4区	男性	1988-03-16				重複注意
Q11529448	松原聡	共産		22	静岡県 4区	男性	1954-11-01				
	井口昌彦	共産		22	静岡県 5区						
Q11413102	吉川赳	自民		22	静岡県 5区	男性	1982-04-07				
	内田豊	共産		22	静岡県 6区						
	野沢正司	共産		22	静岡県 7区						
Q18458881	源馬謙太郎	民進		22	静岡県 8区	男性	1972-12-21				
	嶋田初江	共産		22	静岡県 8区						
	大野宙光	共産		23	愛知県 1区						
	平山良平	社民		23	愛知県 1区						
Q11414054	吉田統彦	民進		23	愛知県 1区	男性	1974-11-14				
	酒井健太朗	共産		23	愛知県 2区						
Q11638850	近藤浩	維新		23	愛知県 4区	男性	1961-01-31				
	井桁亮	こころ		23	愛知県 5区						
	月東義博	共産		23	愛知県 5区						
	田上光徳	共産		23	愛知県 6区						
Q11539787	森本和義	民進		23	愛知県 6区	男性	1966-06-16				
	長友忠弘	共産		23	愛知県 8区						
Q11562537	渡辺裕	共産		23	愛知県 9区	男性	1953-07-16				
	伊神健雄	無所属		23	愛知県 10区						
	板倉正文	共産		23	愛知県 10区						
Q7706881	江崎鉄磨	自民		23	愛知県 10区	男性	1943-09-17				
Q11522062	杉本和巳	維新		23	愛知県 10区	男性	1960-09-17				
Q11450236	安井美沙子	民進		23	愛知県 10区	女性	1965-09-11				
	宮地勲	共産		23	愛知県 11区						
	下島良一	共産		23	愛知県 13区						
	金原信之	共産		23	愛知県 14区						
	田中克典	民進		23	愛知県 14区						
	串田真吾	共産		23	愛知県 15区						
	関健一郎	民進		23	愛知県 15区						
	中川民英	共産		24	三重県 1区						
	内藤弘一	共産		24	三重県 2区						
	坂本麻貴	幸福		24	三重県 3区						
	野村真弘	共産		24	三重県 3区						
	谷中三好	共産		24	三重県 4区						
	藤田大助	民進		24	三重県 4区						
Q7051315	三ツ矢憲生	自民		24	三重県 4区	男性	1950-12-13				
	斉藤幸子	共産		25	滋賀県 1区						
	荒川雅司	幸福		25	滋賀県 2区						
Q6389276	上野賢一郎	自民		25	滋賀県 2区	男性	1965-08-03	Ueno_Kenichiro	https://facebook.com/100003561880790		
Q11470518	山田満	共産		25	滋賀県 2区	男性	1955-01-01				
	石堂淳士	共産		25	滋賀県 3区						
	小川泰江	民進		25	滋賀県 3区						
	小寺裕雄	自民		25	滋賀県 4区						
Q5772420	徳永久志	民進		25	滋賀県 4区	男性	1963-06-27				
	西沢耕一	共産		25	滋賀県 4区						
	田坂幾太	維新		26	京都府 1区						
	繁本護	自民		26	京都府 2区						
	地坂拓晃	共産		26	京都府 2区						
	金森亨	共産		26	京都府 3区						
	森夏枝	維新		26	京都府 3区						
	縁田有紀	幸福		26	京都府 4区						
	畑本久仁枝	維新		26	京都府 4区						
	吉田幸一	共産		26	京都府 4区						
	鈴木麻理子	自由		26	京都府 5区						
	本田太郎	自民		26	京都府 5区						
	山内健	共産		26	京都府 5区						
	上條亮一	共産		26	京都府 6区						
	柴山昇	共産		27	大阪府 1区						
	村上賀厚	民進		27	大阪府 1区						
	石谷尚子	共産		27	大阪府 2区						
Q456011	尾辻かな子	民進		27	大阪府 2区	女性	1974-12-16				
Q1088420	服部良一	社民		27	大阪府 3区	男性	1907-10-01				
	渡部結	共産		27	大阪府 3区						
	美延映夫	維新		27	大阪府 4区						
Q11413941	吉田治	民進		27	大阪府 4区	男性	1962-03-16				
	数森圭吾	幸福		27	大阪府 5区						
	北山良三	共産		27	大阪府 5区						
	国重徹	公明		27	大阪府 5区						
	長尾秀樹	民進		27	大阪府 5区						
	村上史好	自由		27	大阪府 6区						
	奥下剛光	維新		27	大阪府 7区						
Q11561908	渡嘉敷奈緒美	自民		27	大阪府 7区	女性	1962-07-16		https://facebook.com/naomi.tokashiki.7		
Q11368828	乃木涼介	民進		27	大阪府 7区	男性	1964-08-23				
	村口久美子	共産		27	大阪府 7区						
	新居真	共産		27	大阪府 8区						
	松井博史	民進		27	大阪府 8区						
	森村広	民進		27	大阪府 9区						
	山元建	共産		27	大阪府 9区						
	三和智之	共産		27	大阪府 11区						
Q462308	樽床伸二	無所属		27	大阪府 12区	男性	1959-08-06				
	藤田文武	維新		27	大阪府 12区						
	真白リョウ	自由		27	大阪府 12区						
	松尾正利	共産		27	大阪府 12区						
	姜英紀	民進		27	大阪府 13区						
	長岡嘉一	共産		27	大阪府 13区						
Q11629761	西野弘一	無所属		27	大阪府 13区	男性	1969-01-11				
Q11461025	小松久	共産		27	大阪府 14区	男性	1945-02-10				
	為仁史	共産		27	大阪府 15区						
	田中浩美	共産		27	大阪府 16区						
Q11539493	森山浩行	民進		27	大阪府 16区	男性	1971-04-08				
	藤本幸子	共産		27	大阪府 17区						
	川戸康嗣	民進		27	大阪府 18区						
	矢野忠重	共産		27	大阪府 18区						
	北村みき	共産		27	大阪府 19区						
Q7677354	長安豊	民進		27	大阪府 19区	男性	1968-09-05				
Q7426422	梅村聡	維新		28	兵庫県 1区	男性	1975-02-13				
	近藤秀子	共産		28	兵庫県 1区						
	平松順子	共産		28	兵庫県 2区						
	船川治郎	民進		28	兵庫県 2区						
	冨士谷香恵子	共産		28	兵庫県 3区						
	横畑和幸	民進		28	兵庫県 3区						
	大椙鉄夫	共産		28	兵庫県 4区						
	佐藤泰樹	民進		28	兵庫県 4区						
Q11538822	梶原康弘	民進		28	兵庫県 5区	男性	1956-10-14				
Q6426248	市村浩一郎	維新		28	兵庫県 6区	男性	1964-07-16				
	桜井周	民進		28	兵庫県 6区						
	吉見秋彦	共産		28	兵庫県 6区						
	上田幸子	共産		28	兵庫県 7区						
Q11578596	畠中光成	民進		28	兵庫県 7区	男性	1972-06-30				
Q11355593	三木圭恵	維新		28	兵庫県 7区	女性	1966-07-07				
	菊地憲之	新社		28	兵庫県 9区						
	新町美千代	共産		28	兵庫県 9区						
	金田峰生	共産		28	兵庫県 10区						
	戸井田真太郎	自由		28	兵庫県 11区						
Q1315762	松本剛明	自由		28	兵庫県 11区	男性	1959-04-25		https://facebook.com/takeaki.matsumoto.94		重複注意
	池畑浩太朗	民進		28	兵庫県 12区						
	堀譲	共産		28	兵庫県 12区						
Q704345	山口壮	自民		28	兵庫県 12区	男性	1954-10-03		https://facebook.com/yamaguchi244		
	井上良子	共産		29	奈良県 1区						
Q11461866	小林茂樹	自民		29	奈良県 1区	男性	1964-10-09				
	吉野忠男	維新		29	奈良県 1区						
	霜鳥純一	共産		29	奈良県 2区						
Q6419134	前川清成	民進		29	奈良県 2区	男性	1962-01-01				
	所進	共産		29	奈良県 3区						
	原矢寸久	共産		30	和歌山県 1区						
	坂田隆徳	民進		30	和歌山県 2区						
	下村雅洋	共産		30	和歌山県 2区						
	楠本文郎	共産		30	和歌山県 3区						
	塚田成幸	共産		31	鳥取県 1区						
Q7385320	赤沢亮正	自民		31	鳥取県 2区	男性	1960-12-18	ryosei_akazawa			
	福住英行	共産		31	鳥取県 2区						
	福原宗男	社民		31	鳥取県 2区						
Q11563479	湯原俊二	民進		31	鳥取県 2区	男性	1962-11-20				
	岩田剛	共産		32	島根県 1区						
	亀井亜紀子	民進		32	島根県 1区						
	向瀬慎一	共産		32	島根県 2区						
	余江雪央	共産		33	岡山県 1区						
	垣内京美	共産		33	岡山県 2区						
	田部雄治	幸福		33	岡山県 2区						
Q7827692	阿部俊子	自民		33	岡山県 3区	女性	1959-05-19	abetoshiko	https://facebook.com/toshiko.abe.313		
	尾崎宏子	共産		33	岡山県 3区						
	平林明成	共産		33	岡山県 4区						
Q315563	加藤高明	民進		33	岡山県 5区	男性	1860-01-25				
	美見芳明	共産		33	岡山県 5区						
	大西理	共産		34	広島県 1区						
	灰岡香奈	維新		34	広島県 2区						
	藤本聡志	共産		34	広島県 2区						
Q5209645	松本大輔	民進		34	広島県 2区	男性	1971-01-01				
	水野善丈	幸福		34	広島県 2区						
Q11377131	今枝仁	維新		34	広島県 3区	男性	1970-09-14				
Q11428744	塩村文夏	民進		34	広島県 3区	女性	1978-07-06				
	清水貞子	共産		34	広島県 3区						
	野村昌央	幸福		34	広島県 3区						
	恵飛須圭二	民進		34	広島県 4区						
	中石仁	共産		34	広島県 4区						
	尾崎光	共産		34	広島県 5区						
Q6426455	佐藤公治	自由		34	広島県 6区	男性	1959-07-28				
	佐藤広典	民進		34	広島県 7区						
	重村幸司	共産		34	広島県 7区						
	大内一也	民進		35	山口県 1区						
	河井美和子	幸福		35	山口県 1区						
	五島博	共産		35	山口県 1区						
	松田一志	共産		35	山口県 2区						
	藤本一規	共産		35	山口県 3区						
	西岡広伸	共産		35	山口県 4区						
Q11376392	仁木博文	民進		36	徳島県 1区	男性	1966-05-23				
	山本千代子	共産		36	徳島県 1区						
Q11368984	久保孝之	共産		36	徳島県 2区	男性	1973-04-25				
	福山正敏	幸福		36	徳島県 2区						
Q7678622	平井卓也	自民		37	香川県 1区	男性	1958-01-25	hiratakuchan	https://facebook.com/hiraitakuya		
	河村整	共産		37	香川県 2区						
	土岐一郎	共産		37	香川県 3区						
Q11624687	藤田伸二	社民		37	香川県 3区	男性	1972-02-27				
	石本憲一	共産		38	愛媛県 1区						
	富永喜代	民進		38	愛媛県 1区						
	一色一正	共産		38	愛媛県 2区						
Q11627955	西岡新	維新		38	愛媛県 2区	男性	1973-02-03				
Q18818315	横山博幸	民進		38	愛媛県 2区	男性	1950-11-06				重複注意
	国田睦	共産		38	愛媛県 3区						
	白石寛樹	自民		38	愛媛県 3区						
Q11580199	白石洋一	民進		38	愛媛県 3区	男性	1963-06-25				
	森田浩二	幸福		38	愛媛県 3区						
	松本顕治	共産		39	高知県 1区						
	大石宗	民進		39	高知県 1区						
	島﨑保臣	共産		39	高知県 2区						
Q5639964	広田一	民進		39	高知県 2区	男性	1968-10-10				
	立川孝彦	共産		40	福岡県 1区						
Q11468895	山本剛正	民進		40	福岡県 1区	男性	1972-01-01				
Q11596567	稲富修二	民進		40	福岡県 2区	男性	1970-08-26				
	松尾律子	共産		40	福岡県 2区						
Q11466402	山内康一	民進		40	福岡県 3区	男性	1973-01-01				
	山口湧人	共産		40	福岡県 3区						
	新留清隆	共産		40	福岡県 4区						
Q5209856	楠田大蔵	民進		40	福岡県 5区	男性	1975-01-01				
	田中陽二	共産		40	福岡県 5区						
	新井富美子	民進		40	福岡県 6区						
	小林解子	共産		40	福岡県 6区						
	西原忠弘	幸福		40	福岡県 6区						
Q11550742	江口学	共産		40	福岡県 7区	男性	1984-10-30				
	原圭助	民進		40	福岡県 7区						
	宮嶋つや子	共産		40	福岡県 8区						
Q11425971	城井崇	民進		40	福岡県 10区	男性	1973-06-23				
	竹内信昭	社民		40	福岡県 11区						
	村上智信	無所属		40	福岡県 11区						
	山下登美子	共産		40	福岡県 11区						
	上村泰稔	共産		41	佐賀県 1区						
	中島徹	幸福		41	佐賀県 1区						
	大森斉	共産		41	佐賀県 2区						
	西岡秀子	民進		42	長崎県 1区						
	牧山隆	共産		42	長崎県 1区						
	近藤一宇	共産		42	長崎県 2区						
	石丸完治	共産		42	長崎県 3区						
	末次精一	自由		42	長崎県 3区						
	石川悟	共産		42	長崎県 4区						
Q11454107	宮島大典	民進		42	長崎県 4区	男性	1963-06-06				
	木下順子	幸福		43	熊本県 2区						
	西野太亮	無所属		43	熊本県 2区						
	益田牧子	共産		43	熊本県 2区						
	和田要	社民		43	熊本県 2区						
	関根静香	共産		43	熊本県 3区						
	森本康仁	民進		43	熊本県 3区						
	橋田芳昭	共産		43	熊本県 4区						
Q11583883	矢上雅義	民進		43	熊本県 4区	男性	1960-08-08				
	広次忠彦	共産		44	大分県 1区						
	上田敦子	幸福		44	大分県 2区						
	大塚光義	共産		44	大分県 3区						
Q6094931	外山斎	維新		45	宮崎県 1区	男性	1976-04-23				
Q3514198	松本隆	共産		45	宮崎県 1区	男性	1949-07-16				
	黒木万治	共産		45	宮崎県 2区						
Q5363958	河野一郎	幸福		45	宮崎県 2区	男性	1898-06-02				重複注意
Q10299736	河野一郎	幸福		45	宮崎県 2区	男性	1946-11-01				重複注意
	富井寿一	民進		45	宮崎県 2区						
	井福美年	共産		45	宮崎県 3区						
Q5770910	川内博史	民進		46	鹿児島県 1区	男性	1961-11-02				
	宮崎一博	無所属		46	鹿児島県 1区						
	山口広延	共産		46	鹿児島県 1区						
Q11466235	山之内毅	維新		46	鹿児島県 1区	男性	1981-12-16				
	祝迫光治	共産		46	鹿児島県 2区						
Q11646177	野間健	無所属		46	鹿児島県 3区	男性	1958-10-08				重複注意
	山口陽規	共産		46	鹿児島県 3区						
	永田義人	共産		46	鹿児島県 4区						
	野呂正和	社民		46	鹿児島県 4区						
	国場幸之助	自民		47	沖縄県 1区						
	下地玲子	幸福		47	沖縄県 1区						
	金城竜郎	幸福		47	沖縄県 3区						
	富川泰全	幸福		47	沖縄県 4区						
