船橋利実,北海道 1区,自民
道下大樹,北海道 1区,民進
森英士,北海道 1区,共産
船橋利実,北海道 1区,自民
道下大樹,北海道 1区,民進
森英士,北海道 1区,共産
金倉昌俊,北海道 2区,共産
小和田康文,北海道 2区,維新
松木謙公,北海道 2区,自民
吉川貴盛,北海道 2区,自民
荒井聡,北海道 3区,民進
川部竜二,北海道 3区,共産
高木宏寿,北海道 3区,自民
佐々木明美,北海道 4区,共産
中村裕之,北海道 4区,自民
本多平直,北海道 4区,民進
池田真紀,北海道 5区,民進
森山佳則,北海道 5区,幸福
和田義明,北海道 5区,自民
今津寛,北海道 6区,自民
荻生和敏,北海道 6区,共産
佐々木隆博,北海道 6区,民進
石川明美,北海道 7区,共産
伊東良孝,北海道 7区,自民
鈴木貴子,北海道 7区,無所属
逢坂誠二,北海道 8区,民進
本間勝美,北海道 8区,共産
前田一男,北海道 8区,自民
堀井学,北海道 9区,自民
松橋千春,北海道 9区,共産
山岡達丸,北海道 9区,民進
稲津久,北海道 10区,公明
神谷裕,北海道 10区,民進
女鹿武,北海道 10区,共産
石川香織,北海道 11区,無所属
佐々木とし子,北海道 11区,共産
中川郁子,北海道 11区,自民
菅原誠,北海道 12区,共産
武部新,北海道 12区,自民
水上美華,北海道 12区,民進
赤平勇人,青森県 1区,共産
津島淳,青森県 1区,自民
升田世喜男,青森県 1区,民進
大島理森,青森県 2区,自民
奥本菜保巳,青森県 2区,共産
工藤武司,青森県 2区,民進
木村次郎,青森県 3区,自民
高柳博明,青森県 3区,共産
三国佑貴,青森県 3区,幸福
山内崇,青森県 3区,民進
階猛,岩手県 1区,民進
高橋比奈子,岩手県 1区,自民
吉田恭子,岩手県 1区,共産
鈴木俊一,岩手県 2区,自民
畑浩治,岩手県 2区,民進
小沢一郎,岩手県 3区,自由
菊池幸夫,岩手県 3区,共産
藤原崇,岩手県 3区,自民
岡本章子,宮城県 1区,無所属
土井亨,宮城県 1区,自民
畠山昌樹,宮城県 1区,維新
松井秀明,宮城県 1区,共産
油井哲史,宮城県 1区,幸福
秋葉賢也,宮城県 2区,自民
鎌田さゆり,宮城県 2区,無所属
佐藤克之,宮城県 2区,共産
一條芳弘,宮城県 3区,民進
西村明宏,宮城県 3区,自民
吉田剛,宮城県 3区,共産
伊藤信太郎,宮城県 4区,自民
戸津川永,宮城県 4区,共産
坂東毅彦,宮城県 4区,民進
安住淳,宮城県 5区,民進
勝沼栄明,宮城県 5区,自民
小野寺五典,宮城県 6区,自民
横田有史,宮城県 6区,共産
斉藤大悟,秋田県 1区,共産
寺田学,秋田県 1区,民進
冨樫博之,秋田県 1区,自民
金田勝年,秋田県 2区,自民
藤本友里,秋田県 2区,共産
緑川貴士,秋田県 2区,民進
御法川信英,秋田県 3区,自民
村岡敏英,秋田県 3区,民進
荒井寛,山形県 1区,民進
石川渉,山形県 1区,共産
遠藤利明,山形県 1区,自民
岩本康嗣,山形県 2区,共産
近藤洋介,山形県 2区,民進
鈴木憲和,山形県 2区,自民
阿部寿一,山形県 3区,無所属
加藤鮎子,山形県 3区,自民
加藤太一,山形県 3区,共産
城取良太,山形県 3区,幸福
金子恵美,福島県 1区,民進
亀岡偉民,福島県 1区,自民
斎藤朝興,福島県 1区,共産
岡部光規,福島県 2区,民進
平善彦,福島県 2区,共産
根本匠,福島県 2区,自民
上杉謙太郎,福島県 3区,自民
玄葉光一郎,福島県 3区,民進
橋本健二,福島県 3区,共産
小熊慎司,福島県 4区,民進
菅家一郎,福島県 4区,自民
古川芳憲,福島県 4区,共産
渡辺敏雄,福島県 4区,社民
遠藤陽子,福島県 5区,社民
熊谷智,福島県 5区,共産
吉田泉,福島県 5区,民進
吉野正芳,福島県 5区,自民
大内久美子,茨城県 1区,共産
川辺賢一,茨城県 1区,幸福
田所嘉徳,茨城県 1区,自民
福島伸享,茨城県 1区,民進
星野文雄,茨城県 2区,共産
石津政雄,茨城県 2区,民進
額賀福志郎,茨城県 2区,自民
安部一真,茨城県 3区,民進
葉梨康弘,茨城県 3区,自民
林京,茨城県 3区,共産
梶山弘志,茨城県 4区,自民
堀江鶴治,茨城県 4区,共産
浅野哲,茨城県 5区,民進
石川昭政,茨城県 5区,自民
川崎篤子,茨城県 5区,共産
青山大人,茨城県 6区,民進
国光文乃,茨城県 6区,自民
古沢喜幸,茨城県 6区,共産
石嶋巌,茨城県 7区,共産
中村喜四郎,茨城県 7区,無所属
永岡桂子,茨城県 7区,自民
金子恵美,福島県 1区,民進
亀岡偉民,福島県 1区,自民
斎藤朝興,福島県 1区,共産
岡部光規,福島県 2区,民進
平善彦,福島県 2区,共産
根本匠,福島県 2区,自民
上杉謙太郎,福島県 3区,自民
玄葉光一郎,福島県 3区,民進
橋本健二,福島県 3区,共産
小熊慎司,福島県 4区,民進
菅家一郎,福島県 4区,自民
古川芳憲,福島県 4区,共産
渡辺敏雄,福島県 4区,社民
遠藤陽子,福島県 5区,社民
熊谷智,福島県 5区,共産
吉田泉,福島県 5区,民進
吉野正芳,福島県 5区,自民
青木弘,栃木県 1区,共産
柏倉祐司,栃木県 1区,民進
船田元,栃木県 1区,自民
渡辺典喜,栃木県 1区,無所属
小池一徳,栃木県 2区,共産
西川公也,栃木県 2区,自民
福田昭夫,栃木県 2区,民進
石渡剛,栃木県 3区,幸福
槙昌三,栃木県 3区,共産
簗和生,栃木県 3区,自民
佐藤勉,栃木県 4区,自民
藤岡隆雄,栃木県 4区,民進
山崎寿彦,栃木県 4区,共産
大豆生田実,栃木県 5区,無所属
川上均,栃木県 5区,共産
茂木敏充,栃木県 5区,自民
尾身朝子,群馬県 1区,自民
佐田玄一郎,群馬県 1区,自民
店橋世津子,群馬県 1区,共産
中曽根康隆,群馬県 1区,無所属
宮崎岳志,群馬県 1区,民進
石関貴史,群馬県 2区,民進
井野俊郎,群馬県 2区,自民
長谷田直之,群馬県 2区,共産
笹川博義,群馬県 3区,自民
渋沢哲男,群馬県 3区,共産
長谷川嘉一,群馬県 3区,民進
萩原貞夫,群馬県 4区,共産
福田達夫,群馬県 4区,自民
不破弘樹,群馬県 4区,民進
伊藤達也,群馬県 5区,共産
小渕優子,群馬県 5区,自民
高橋宣之,群馬県 5区,社民
武正公一,埼玉県 1区,民進
鳥羽恵,埼玉県 1区,共産
村井英樹,埼玉県 1区,自民
新藤義孝,埼玉県 2区,自民
菅克己,埼玉県 2区,民進
平川道也,埼玉県 2区,共産
飯田剛,埼玉県 3区,幸福
黄川田仁志,埼玉県 3区,自民
平野厚子,埼玉県 3区,共産
山川百合子,埼玉県 3区,民進
青柳仁士,埼玉県 4区,維新
朝賀英義,埼玉県 4区,共産
豊田真由子,埼玉県 4区,無所属
穂坂泰,埼玉県 4区,自民
吉田芳朝,埼玉県 4区,民進
枝野幸男,埼玉県 5区,民進
牧原秀樹,埼玉県 5区,自民
山本悠子,埼玉県 5区,共産
大島敦,埼玉県 6区,民進
戸口佐一,埼玉県 6区,共産
中根一幸,埼玉県 6区,自民
神山佐市,埼玉県 7区,自民
小宮山泰子,埼玉県 7区,民進
長沼チネ,埼玉県 7区,共産
小野塚勝俊,埼玉県 8区,民進
柴山昌彦,埼玉県 8区,自民
辻源巳,埼玉県 8区,共産
大塚拓,埼玉県 9区,自民
神田三春,埼玉県 9区,共産
杉村慎治,埼玉県 9区,民進
坂本祐之輔,埼玉県 10区,民進
清水正之,埼玉県 10区,共産
山口泰明,埼玉県 10区,自民
小泉龍司,埼玉県 11区,無所属
今野智博,埼玉県 11区,自民
柴岡祐真,埼玉県 11区,共産
野中厚,埼玉県 12区,自民
林秀洋,埼玉県 12区,共産
森田俊和,埼玉県 12区,民進
赤岸雅治,埼玉県 13区,共産
池田万佐代,埼玉県 13区,社民
土屋品子,埼玉県 13区,自民
三角創太,埼玉県 13区,民進
鈴木義弘,埼玉県 14区,民進
苗村京子,埼玉県 14区,共産
榛野博,埼玉県 14区,維新
三ツ林裕巳,埼玉県 14区,自民
梅村早江子,埼玉県 15区,共産
高山智司,埼玉県 15区,民進
田中良生,埼玉県 15区,自民
大野隆,千葉県 1区,共産
門山宏哲,千葉県 1区,自民
田嶋要,千葉県 1区,民進
長谷川豊,千葉県 1区,維新
上野洋嗣,千葉県 2区,共産
小林鷹之,千葉県 2区,自民
樋口博康,千葉県 2区,民進
藤巻健太,千葉県 2区,維新
飯島誠之助,千葉県 3区,共産
岡島一正,千葉県 3区,自由
松野博一,千葉県 3区,自民
木村哲也,千葉県 4区,自民
野田佳彦,千葉県 4区,民進
深津俊郎,千葉県 4区,共産
薗浦健太郎,千葉県 5区,自民
村越祐民,千葉県 5区,民進
渡辺正二,千葉県 5区,共産
生方幸夫,千葉県 6区,民進
浦野真,千葉県 6区,共産
星健太郎,千葉県 6区,維新
渡辺博道,千葉県 6区,自民
石塚貞通,千葉県 7区,民進
斎藤健,千葉県 7区,自民
渡部隆夫,千葉県 7区,共産
太田和美,千葉県 8区,民進
小野里定良,千葉県 8区,共産
桜田義孝,千葉県 8区,自民
秋本真利,千葉県 9区,自民
奥野総一郎,千葉県 9区,民進
鴨志田安代,千葉県 9区,共産
笠原正実,千葉県 10区,共産
林幹雄,千葉県 10区,自民
谷田川元,千葉県 10区,民進
椎名史明,千葉県 11区,共産
多ケ谷亮,千葉県 11区,民進
森英介,千葉県 11区,自民
大西航,千葉県 12区,共産
浜田靖一,千葉県 12区,自民
皆川眞一郎,千葉県 12区,社民
斉藤和子,千葉県 13区,共産
白須賀貴樹,千葉県 13区,自民
宮川伸,千葉県 13区,民進
海江田万里,東京都 1区,民進
冨田直樹,東京都 1区,共産
原口実季 ,東京都 1区,幸福
山田美樹,東京都 1区,自民
石沢憲之,東京都 2区,共産
大熊利昭,東京都 2区,維新
辻清人,東京都 2区,自民
松尾明弘,東京都 2区,民進
石原宏高,東京都 3区,自民
香西克介,東京都 3区,共産
松原仁,東京都 3区,希望
青山昂平,東京都 4区,共産
井戸正枝,東京都 4区,民進
平将明,東京都 4区,自民
小林学,東京都 5区,維新
手塚仁雄,東京都 5区,民進
宮本栄,東京都 5区,共産
若宮健嗣,東京都 5区,自民
越智隆雄,東京都 6区,自民
落合貴之,東京都 6区,民進
岸武志,東京都 6区,共産
中岡茉妃,東京都 6区,幸福
谷川智行,東京都 7区,共産
長妻昭,東京都 7区,民進
松本文明,東京都 7区,自民
石原伸晃,東京都 8区,自民
長内史子,東京都 8区,共産
吉田晴美,東京都 8区,民進
木内孝胤,東京都 9区,希望
菅原一秀,東京都 9区,自民
原純子,東京都 9区,共産
岸良信,東京都 10区,共産
鈴木隼人,東京都 10区,自民
鈴木庸介,東京都 10区,民進
吉井利光,東京都 10区,幸福
若狭勝,東京都 10区,希望
小堤東,東京都 11区,共産
下村博文,東京都 11区,自民
前田順一郎,東京都 11区,民進
池内沙織,東京都 12区,共産
太田昭宏,東京都 12区,公明
鴨下一郎,東京都 13区,自民
北條智彦,東京都 13区,民進
祖父江元希,東京都 13区,共産
阿藤和之,東京都 14区,共産
木村剛司,東京都 14区,維新
清井美穂,東京都 14区,幸福
清水啓史,東京都 14区,民進
松島みどり,東京都 14区,自民
秋元司,東京都 15区,自民
猪野隆,東京都 15区,無所属
柿沢未途,東京都 15区,民進
見山伸路,東京都 15区,維新
吉田年男,東京都 15区,共産
大西英男,東京都 16区,自民
中津川博郷,東京都 16区,維新
初鹿明博,東京都 16区,民進
新井杉生,東京都 17区,共産
伊藤正樹,東京都 17区,民進
平沢勝栄,東京都 17区,自民
菅直人,東京都 18区,民進
土屋正忠,東京都 18区,自民
橋本繁樹,東京都 18区,共産
末松義規,東京都 19区,民進
杉下茂雄,東京都 19区,共産
松本洋平,東京都 19区,自民
木原誠二,東京都 20区,自民
竹田光明,東京都 20区,民進
宮本徹,東京都 20区,共産
小田原潔,東京都 21区,自民
田川豊,東京都 21区,共産
長島昭久,東京都 21区,希望
阿部真,東京都 22区,共産
伊藤達也,東京都 22区,自民
鹿野晃,東京都 22区,維新
山花郁夫,東京都 22区,民進
伊藤俊輔,東京都 23区,維新
小倉将信,東京都 23区,自民
櫛渕万里,東京都 23区,民進
松村亮佑,東京都 23区,共産
飯田美弥子,東京都 24区,共産
高橋斉久,東京都 24区,民進
萩生田光一,東京都 24区,自民
井上信治,東京都 25区,自民
井上宣,東京都 25区,共産
山下容子,東京都 25区,民進
明石行夫,神奈川県 1区,共産
篠原豪,神奈川県 1区,民進
松本純,神奈川県 1区,自民
高橋野枝,神奈川県 2区,無所属
大貫清文,神奈川県 2区,共産
菅義偉,神奈川県 2区,自民
壱岐愛子,神奈川県 3区,幸福
小此木八郎,神奈川県 3区,自民
勝又恒一郎,神奈川県 3区,民進
釘丸進,神奈川県 3区,共産
浅尾慶一郎,神奈川県 4区,無所属
佐藤清,神奈川県 4区,共産
山本朋広,神奈川県 4区,自民
早稲田夕季,神奈川県 4区,民進
坂井学,神奈川県 5区,自民
水戸将史,神奈川県 5区,民進
横山征吾,神奈川県 5区,共産
青柳陽一郎,神奈川県 6区,民進
今村あゆみ,神奈川県 6区,共産
上田勇,神奈川県 6区,公明
串田誠一,神奈川県 6区,維新
鈴木馨祐,神奈川県 7区,自民
中谷一馬,神奈川県 7区,民進
若林靖久,神奈川県 7区,共産
江田憲司,神奈川県 8区,民進
加藤リカ,神奈川県 8区,共産
福田峰之,神奈川県 8区,希望
三谷英弘,神奈川県 8区,自民
斎藤温,神奈川県 9区,共産
椎名毅,神奈川県 9区,無所属
中山展宏,神奈川県 9区,自民
笠浩史,神奈川県 9区,希望
市川佳子,神奈川県 10区,民進
田中和徳,神奈川県 10区,自民
畑野君枝,神奈川県 10区,共産
圷孝行,神奈川県 11区,労働
小泉進次郎,神奈川県 11区,自民
瀬戸和弘,神奈川県 11区,共産
阿部知子,神奈川県 12区,民進
星野剛士,神奈川県 12区,自民
甘利明,神奈川県 13区,自民
岡崎裕,神奈川県 13区,共産
太栄志,神奈川県 13区,民進
赤間二郎,神奈川県 14区,自民
中野渡旬,神奈川県 14区,共産
本村賢太郎,神奈川県 14区,民進
河野太郎,神奈川県 15区,自民
佐々木克己,神奈川県 15区,社民
沼上常生,神奈川県 15区,共産
池田博英,神奈川県 16区,共産
後藤祐一,神奈川県 16区,希望
義家弘介,神奈川県 16区,自民
神山洋介,神奈川県 17区,民進
牧島かれん,神奈川県 17区,自民
横田英司,神奈川県 17区,共産
樋高剛,神奈川県 18区,自由
三村和也,神奈川県 18区,民進
山際大志郎,神奈川県 18区,自民
石崎徹,新潟県 1区,自民
西村智奈美,新潟県 1区,民進
町田明広,新潟県 1区,共産
細井良雄,新潟県 2区,共産
細田健一,新潟県 2区,自民
鷲尾英一郎,新潟県 2区,民進
伊藤誠,新潟県 3区,共産
黒岩宇洋,新潟県 3区,民進
斎藤洋明,新潟県 3区,自民
五十嵐健彦,新潟県 4区,共産
金子恵美,新潟県 4区,自民
菊田真紀子,新潟県 4区,民進
大平悦子,新潟県 5区,無所属
笠原麗香,新潟県 5区,幸福
西沢博,新潟県 5区,共産
上野公悦,新潟県 6区,共産
梅谷守,新潟県 6区,民進
高鳥修一,新潟県 6区,自民
今井基之,富山県 1区,民進
田畑裕明,富山県 1区,自民
広野允士,富山県 1区,自由
吉田豊史,富山県 1区,維新
山崎彰,富山県 2区,社民
宮腰光寛,富山県 2区,自民
坂本洋史,富山県 3区,共産
橘慶一郎,富山県 3区,自民
黒崎清則,石川県 1区,共産
田中美絵子,石川県 1区,民進
馳浩,石川県 1区,自民
佐々木紀,石川県 2区,自民
本田正和,石川県 2区,共産
宮元智,石川県 2区,幸福
近藤和也,石川県 3区,民進
鈴木宏太,石川県 3区,共産
稲田朋美,福井県 1区,自民
金元幸枝,福井県 1区,共産
斉木武志,福井県 2区,民進
猿橋巧,福井県 2区,共産
高木毅,福井県 2区,自民
小沢鋭仁,山梨県 1区,維新
中島克仁,山梨県 1区,民進
中谷真一,山梨県 1区,自民
西脇愛,山梨県 1区,幸福
宮内現,山梨県 1区,共産
大久保令子,山梨県 2区,共産
小林弘幸,山梨県 2区,民進
長崎幸太郎,山梨県 2区,無所属
堀内詔子,山梨県 2区,自民
小松裕,長野県 1区,自民
篠原孝,長野県 1区,民進
長瀬由希子,長野県 1区,共産
橋本将之,長野県 1区,維新
清沢達也,長野県 2区,共産
下条みつ,長野県 2区,民進
手塚大輔,長野県 2区,維新
務台俊介,長野県 2区,自民
井出庸生,長野県 3区,民進
及川幸久,長野県 3区,幸福
木内均,長野県 3区,自民
小金沢由佳,長野県 3区,共産
寺島義幸,長野県 3区,民進
後藤茂之,長野県 4区,自民
毛利栄子,長野県 4区,共産
中嶋康介,長野県 5区,民進
水野力夫,長野県 5区,共産
宮下一郎,長野県 5区,自民
野田聖子,岐阜県 1区,自民
野原典子,岐阜県 1区,幸福
山越徹,岐阜県 1区,共産
吉田里江,岐阜県 1区,民進
棚橋泰文,岐阜県 2区,自民
森桜房義,岐阜県 2区,共産
井上諭,岐阜県 3区,共産
阪口直人,岐阜県 3区,民進
武藤容治,岐阜県 3区,自民
今井雅人,岐阜県 4区,民進
佐伯哲也,岐阜県 4区,維新
阿知波吉信,岐阜県 5区,民進
小関祥子,岐阜県 5区,共産
古屋圭司,岐阜県 5区,自民
青山雅幸,静岡県 1区,無所属
上川陽子,静岡県 1区,自民
小池政就,静岡県 1区,維新
鈴木千佳,静岡県 1区,共産
福村隆,静岡県 1区,民進
井林辰憲,静岡県 2区,自民
松尾勉,静岡県 2区,民進
四ツ谷恵,静岡県 2区,共産
小山展弘,静岡県 3区,民進
松浦喜芳,静岡県 3区,共産
宮沢博行,静岡県 3区,自民
田中健,静岡県 4区,民進
松原聡,静岡県 4区,共産
望月義夫,静岡県 4区,自民
井口昌彦,静岡県 5区,共産
細野豪志,静岡県 5区,希望
吉川赳,静岡県 5区,自民
内田豊,静岡県 6区,共産
勝俣孝明,静岡県 6区,自民
渡辺周,静岡県 6区,民進
城内実,静岡県 7区,自民
野沢正司,静岡県 7区,共産
源馬謙太郎,静岡県 8区,民進
塩谷立,静岡県 8区,自民
嶋田初江,静岡県 8区,共産
大野宙光,愛知県 1区,共産
熊田裕通,愛知県 1区,自民
平山良平,愛知県 1区,社民
吉田統彦,愛知県 1区,民進
酒井健太朗,愛知県 2区,共産
田畑毅,愛知県 2区,自民
古川元久,愛知県 2区,民進
池田佳隆,愛知県 3区,自民
近藤昭一,愛知県 3区,民進
工藤彰三,愛知県 4区,自民
近藤浩,愛知県 4区,維新
牧義夫,愛知県 4区,民進
赤松広隆,愛知県 5区,民進
井桁亮,愛知県 5区,こころ
神田憲次,愛知県 5区,自民
月東義博,愛知県 5区,共産
田上光徳,愛知県 6区,共産
丹羽秀樹,愛知県 6区,自民
森本和義,愛知県 6区,民進
鈴木淳司,愛知県 7区,自民
山尾志桜里,愛知県 7区,無所属
伊藤忠彦,愛知県 8区,自民
長友忠弘,愛知県 8区,共産
伴野豊,愛知県 8区,民進
岡本充功,愛知県 9区,民進
長坂康正,愛知県 9区,自民
渡辺裕,愛知県 9区,共産
伊神健雄,愛知県 10区,無所属
板倉正文,愛知県 10区,共産
江崎鉄磨,愛知県 10区,自民
杉本和巳,愛知県 10区,維新
安井美沙子,愛知県 10区,民進
古本伸一郎,愛知県 11区,民進
宮地勲,愛知県 11区,共産
八木哲也,愛知県 11区,自民
青山周平,愛知県 12区,自民
重徳和彦,愛知県 12区,民進
大西健介,愛知県 13区,民進
大見正,愛知県 13区,自民
下島良一,愛知県 13区,共産
今枝宗一郎,愛知県 14区,自民
金原信之,愛知県 14区,共産
田中克典,愛知県 14区,民進
串田真吾,愛知県 15区,共産
関健一郎,愛知県 15区,民進
根本幸典,愛知県 15区,自民
田村憲久,三重県 1区,自民
中川民英,三重県 1区,共産
松田直久,三重県 1区,民進
川崎二郎,三重県 2区,自民
内藤弘一,三重県 2区,共産
中川正春,三重県 2区,民進
岡田克也,三重県 3区,民進
坂本麻貴,三重県 3区,幸福
島田佳和,三重県 3区,自民
野村真弘,三重県 3区,共産
谷中三好,三重県 4区,共産
藤田大助,三重県 4区,民進
三ツ矢憲生,三重県 4区,自民
大岡敏孝,滋賀県 1区,自民
斉藤幸子,滋賀県 1区,共産
荒川雅司,滋賀県 2区,幸福
上野賢一郎,滋賀県 2区,自民
田島一成,滋賀県 2区,民進
山田満,滋賀県 2区,共産
石堂淳士,滋賀県 3区,共産
小川泰江,滋賀県 3区,民進
武村展英,滋賀県 3区,自民
小寺裕雄,滋賀県 4区,自民
徳永久志,滋賀県 4区,民進
西沢耕一,滋賀県 4区,共産
武藤貴也,滋賀県 4区,無所属
伊吹文明,京都府 1区,自民
穀田恵二,京都府 1区,共産
田坂幾太,京都府 1区,維新
繁本護,京都府 2区,自民
地坂拓晃,京都府 2区,共産
前原誠司,京都府 2区,民進
泉健太,京都府 3区,民進
金森亨,京都府 3区,共産
木村弥生,京都府 3区,自民
森夏枝,京都府 3区,維新
縁田有紀,京都府 4区,幸福
北神圭朗,京都府 4区,民進
田中英之,京都府 4区,自民
畑本久仁枝,京都府 4区,維新
吉田幸一,京都府 4区,共産
鈴木麻理子,京都府 5区,自由
本田太郎,京都府 5区,自民
山内健,京都府 5区,共産
安藤裕,京都府 6区,自民
上條亮一,京都府 6区,共産
山井和則,京都府 6区,民進
井上英孝,大阪府 1区,維新
大西宏幸,大阪府 1区,自民
柴山昇,大阪府 1区,共産
村上賀厚,大阪府 1区,民進
石谷尚子,大阪府 2区,共産
尾辻かな子,大阪府 2区,民進
左藤章,大阪府 2区,自民
椎木保,大阪府 2区,維新
佐藤茂樹,大阪府 3区,公明
服部良一,大阪府 3区,社民
渡部結,大阪府 3区,共産
清水忠史,大阪府 4区,共産
中山泰秀,大阪府 4区,自民
美延映夫,大阪府 4区,維新
吉田治,大阪府 4区,民進
数森圭吾,大阪府 5区,幸福
北山良三,大阪府 5区,共産
国重徹,大阪府 5区,公明
長尾秀樹,大阪府 5区,民進
伊佐進一,大阪府 6区,公明
村上史好,大阪府 6区,自由
奥下剛光,大阪府 7区,維新
渡嘉敷奈緒美,大阪府 7区,自民
乃木涼介,大阪府 7区,民進
村口久美子,大阪府 7区,共産
新居真,大阪府 8区,共産
大塚高司,大阪府 8区,自民
木下智彦,大阪府 8区,維新
松井博史,大阪府 8区,民進
足立康史,大阪府 9区,維新
原田憲治,大阪府 9区,自民
森村広,大阪府 9区,民進
山元建,大阪府 9区,共産
大隈和英,大阪府 10区,自民
辻元清美,大阪府 10区,民進
松浪健太,大阪府 10区,維新
伊東信久,大阪府 11区,維新
佐藤ゆかり,大阪府 11区,自民
平野博文,大阪府 11区,民進
三和智之,大阪府 11区,共産
北川知克,大阪府 12区,自民
樽床伸二,大阪府 12区,無所属
藤田文武,大阪府 12区,維新
真白リョウ,大阪府 12区,自由
松尾正利,大阪府 12区,共産
宗清皇一,大阪府 12区,自民
姜英紀,大阪府 13区,民進
長岡嘉一,大阪府 13区,共産
西野弘一,大阪府 13区,無所属
小松久,大阪府 14区,共産
谷畑孝,大阪府 14区,維新
長尾敬,大阪府 14区,自民
浦野靖人,大阪府 15区,維新
竹本直一,大阪府 15区,自民
為仁史,大阪府 15区,共産
北側一雄,大阪府 16区,公明
田中浩美,大阪府 16区,共産
森山浩行,大阪府 16区,民進
岡下昌平,大阪府 17区,自民
馬場伸幸,大阪府 17区,維新
藤本幸子,大阪府 17区,共産
遠藤敬,大阪府 18区,維新
神谷昇,大阪府 18区,自民
川戸康嗣,大阪府 18区,民進
矢野忠重,大阪府 18区,共産
北村みき,大阪府 19区,共産
谷川とむ,大阪府 19区,自民
長安豊,大阪府 19区,民進
丸山穂高,大阪府 19区,維新
井坂信彦,兵庫県 1区,民進
梅村聡,兵庫県 1区,維新
近藤秀子,兵庫県 1区,共産
盛山正仁,兵庫県 1区,自民
赤羽一嘉,兵庫県 2区,公明
平松順子,兵庫県 2区,共産
船川治郎,兵庫県 2区,民進
関芳弘,兵庫県 3区,自民
冨士谷香恵子,兵庫県 3区,共産
横畑和幸,兵庫県 3区,民進
大椙鉄夫,兵庫県 4区,共産
佐藤泰樹,兵庫県 4区,民進
藤井比早之,兵庫県 4区,自民
梶原康弘,兵庫県 5区,民進
谷公一,兵庫県 5区,自民
市村浩一郎,兵庫県 6区,維新
大串正樹,兵庫県 6区,自民
桜井周,兵庫県 6区,民進
吉見秋彦,兵庫県 6区,共産
上田幸子,兵庫県 7区,共産
畠中光成,兵庫県 7区,民進
三木圭恵,兵庫県 7区,維新
山田賢司,兵庫県 7区,自民
中野洋昌,兵庫県 8区,公明
堀内照文,兵庫県 8区,共産
菊地憲之,兵庫県 9区,新社
新町美千代,兵庫県 9区,共産
西村康稔,兵庫県 9区,自民
金田峰生,兵庫県 10区,共産
渡海紀三朗,兵庫県 10区,自民
戸井田真太郎,兵庫県 11区,自由
松本剛明,兵庫県 11区,自由
池畑浩太朗,兵庫県 12区,民進
堀譲,兵庫県 12区,共産
山口壮,兵庫県 12区,自民
井上良子,奈良県 1区,共産
小林茂樹,奈良県 1区,自民
馬淵澄夫,奈良県 1区,民進
吉野忠男,奈良県 1区,維新
霜鳥純一,奈良県 2区,共産
高市早苗,奈良県 2区,自民
前川清成,奈良県 2区,民進
奥野信亮,奈良県 3区,自民
田野瀬太道,奈良県 3区,自民
所進,奈良県 3区,共産
門博文,和歌山県 1区,自民
岸本周平,和歌山県 1区,民進
原矢寸久,和歌山県 1区,共産
石田真敏,和歌山県 2区,自民
坂田隆徳,和歌山県 2区,民進
下村雅洋,和歌山県 2区,共産
楠本文郎,和歌山県 3区,共産
二階俊博,和歌山県 3区,自民
石破茂,鳥取県 1区,自民
塚田成幸,鳥取県 1区,共産
赤沢亮正,鳥取県 2区,自民
福住英行,鳥取県 2区,共産
福原宗男,鳥取県 2区,社民
湯原俊二,鳥取県 2区,民進
岩田剛,島根県 1区,共産
亀井亜紀子,島根県 1区,民進
細田博之,島根県 1区,自民
竹下亘,島根県 2区,自民
向瀬慎一,島根県 2区,共産
逢沢一郎,岡山県 1区,自民
高井崇志,岡山県 1区,民進
余江雪央,岡山県 1区,共産
垣内京美,岡山県 2区,共産
田部雄治,岡山県 2区,幸福
津村啓介,岡山県 2区,民進
山下貴司,岡山県 2区,自民
阿部俊子,岡山県 3区,自民
尾崎宏子,岡山県 3区,共産
橋本岳,岡山県 4区,自民
平林明成,岡山県 4区,共産
柚木道義,岡山県 4区,民進
加藤勝信,岡山県 5区,自民
加藤高明,岡山県 5区,民進
美見芳明,岡山県 5区,共産
大西理,広島県 1区,共産
岸田文雄,広島県 1区,自民
灰岡香奈,広島県 2区,維新
平口洋,広島県 2区,自民
藤本聡志,広島県 2区,共産
松本大輔,広島県 2区,民進
水野善丈,広島県 2区,幸福
今枝仁,広島県 3区,維新
河井克行,広島県 3区,自民
塩村文夏,広島県 3区,民進
清水貞子,広島県 3区,共産
野村昌央,広島県 3区,幸福
恵飛須圭二,広島県 4区,民進
中川俊直,広島県 4区,無所属
中石仁,広島県 4区,共産
尾崎光,広島県 5区,共産
寺田稔,広島県 5区,自民
亀井静香,広島県 6区,無所属
小島敏文,広島県 6区,自民
佐藤公治,広島県 6区,自由
小林史明,広島県 7区,自民
佐藤広典,広島県 7区,民進
重村幸司,広島県 7区,共産
大内一也,山口県 1区,民進
河井美和子,山口県 1区,幸福
五島博,山口県 1区,共産
岸信夫,山口県 2区,自民
松田一志,山口県 2区,共産
河村建夫,山口県 3区,自民
藤本一規,山口県 3区,共産
安倍晋三,山口県 4区,自民
西岡広伸,山口県 4区,共産
後藤田正純,徳島県 1区,自民
仁木博文,徳島県 1区,民進
山本千代子,徳島県 1区,共産
久保孝之,徳島県 2区,共産
福山正敏,徳島県 2区,幸福
山口俊一,徳島県 2区,自民
小川淳也,香川県 1区,民進
平井卓也,香川県 1区,自民
河村整,香川県 2区,共産
瀬戸隆一,香川県 2区,自民
玉木雄一郎,香川県 2区,民進
大野敬太郎,香川県 3区,自民
土岐一郎,香川県 3区,共産
藤田伸二,香川県 3区,社民
石本憲一,愛媛県 1区,共産
塩崎恭久,愛媛県 1区,自民
富永喜代,愛媛県 1区,民進
一色一正,愛媛県 2区,共産
西岡新,愛媛県 2区,維新
村上誠一郎,愛媛県 2区,自民
横山博幸,愛媛県 2区,民進
国田睦,愛媛県 3区,共産
白石寛樹,愛媛県 3区,自民
白石洋一,愛媛県 3区,民進
森田浩二,愛媛県 3区,幸福
松本顕治,高知県 1区,共産
大石宗,高知県 1区,民進
中谷元,高知県 1区,自民
島﨑保臣,高知県 2区,共産
広田一,高知県 2区,民進
山本有二,高知県 2区,自民
井上貴博,福岡県 1区,自民
立川孝彦,福岡県 1区,共産
山本剛正,福岡県 1区,民進
稲富修二,福岡県 2区,民進
鬼木誠,福岡県 2区,自民
松尾律子,福岡県 2区,共産
古賀篤,福岡県 3区,自民
山内康一,福岡県 3区,民進
山口湧人,福岡県 3区,共産
河野正美,福岡県 4区,維新
新留清隆,福岡県 4区,共産
宮内秀樹,福岡県 4区,自民
楠田大蔵,福岡県 5区,民進
田中陽二,福岡県 5区,共産
原田義昭,福岡県 5区,自民
新井富美子,福岡県 6区,民進
小林解子,福岡県 6区,共産
西原忠弘,福岡県 6区,幸福
鳩山二郎,福岡県 6区,自民
江口学,福岡県 7区,共産
原圭助,福岡県 7区,民進
藤丸敏,福岡県 7区,自民
麻生太郎,福岡県 8区,自民
宮嶋つや子,福岡県 8区,共産
緒方林太郎,福岡県 9区,民進
真島省三,福岡県 9区,共産
三原朝彦,福岡県 9区,自民
城井崇,福岡県 10区,民進
田村貴昭,福岡県 10区,共産
山本幸三,福岡県 10区,自民
竹内信昭,福岡県 11区,社民
武田良太,福岡県 11区,自民
村上智信,福岡県 11区,無所属
山下登美子,福岡県 11区,共産
岩田和親,佐賀県 1区,自民
上村泰稔,佐賀県 1区,共産
中島徹,佐賀県 1区,幸福
原口一博,佐賀県 1区,民進
大串博志,佐賀県 2区,民進
大森斉,佐賀県 2区,共産
古川康,佐賀県 2区,自民
冨岡勉,長崎県 1区,自民
西岡秀子,長崎県 1区,民進
牧山隆,長崎県 1区,共産
加藤寛治,長崎県 2区,自民
近藤一宇,長崎県 2区,共産
石丸完治,長崎県 3区,共産
末次精一,長崎県 3区,自由
谷川弥一,長崎県 3区,自民
石川悟,長崎県 4区,共産
北村誠吾,長崎県 4区,自民
宮島大典,長崎県 4区,民進
木原稔,熊本県 1区,自民
松野頼久,熊本県 1区,民進
木下順子,熊本県 2区,幸福
西野太亮,熊本県 2区,無所属
野田毅,熊本県 2区,自民
益田牧子,熊本県 2区,共産
和田要,熊本県 2区,社民
坂本哲志,熊本県 3区,自民
関根静香,熊本県 3区,共産
森本康仁,熊本県 3区,民進
金子恭之,熊本県 4区,自民
園田博之,熊本県 4区,自民
橋田芳昭,熊本県 4区,共産
矢上雅義,熊本県 4区,民進
穴見陽一,大分県 1区,自民
吉良州司,大分県 1区,民進
広次忠彦,大分県 1区,共産
上田敦子,大分県 2区,幸福
衛藤征士郎,大分県 2区,自民
吉川元,大分県 2区,社民
岩屋毅,大分県 3区,自民
大塚光義,大分県 3区,共産
武井俊輔,宮崎県 1区,自民
外山斎,宮崎県 1区,維新
松本隆,宮崎県 1区,共産
江藤拓,宮崎県 2区,自民
黒木万治,宮崎県 2区,共産
河野一郎,宮崎県 2区,幸福
富井寿一,宮崎県 2区,民進
井福美年,宮崎県 3区,共産
古川禎久,宮崎県 3区,自民
川内博史,鹿児島県 1区,民進
宮崎一博,鹿児島県 1区,無所属
保岡興治,鹿児島県 1区,自民
山口広延,鹿児島県 1区,共産
山之内毅,鹿児島県 1区,維新
祝迫光治,鹿児島県 2区,共産
金子万寿夫,鹿児島県 2区,自民
小里泰弘,鹿児島県 3区,自民
野間健,鹿児島県 3区,無所属
山口陽規,鹿児島県 3区,共産
永田義人,鹿児島県 4区,共産
野呂正和,鹿児島県 4区,社民
森山裕,鹿児島県 4区,自民
赤嶺政賢,沖縄県 1区,共産
国場幸之助,沖縄県 1区,自民
下地幹郎,沖縄県 1区,維新
下地玲子,沖縄県 1区,幸福
照屋寛徳,沖縄県 2区,社民
宮崎政久,沖縄県 2区,自民
金城竜郎,沖縄県 3区,幸福
玉城デニー,沖縄県 3区,自由
比嘉奈津美,沖縄県 3区,自民
富川泰全,沖縄県 4区,幸福
仲里利信,沖縄県 4区,無所属
西銘恒三郎,沖縄県 4区,自民
